epoch,eval_episode_num,timestep,BND_weight,EMB_weight,SHV_weight,GLD_weight,DBC_weight,IWM_weight
5,1,1,0.25,0.0,4.889004132091479e-11,0.25,0.25,0.25
5,1,2,0.25,0.0,4.889004132091479e-11,0.25,0.25,0.25
5,1,3,0.25,0.0,4.889004132091479e-11,0.25,0.25,0.25
5,1,4,0.25,0.0,4.889004132091479e-11,0.25,0.25,0.25
5,1,5,0.25,0.0,4.889004132091479e-11,0.25,0.25,0.25
5,1,6,0.25,0.0,4.889004132091479e-11,0.25,0.25,0.25
5,1,7,0.25,0.0,4.889004132091479e-11,0.25,0.25,0.25
5,1,8,0.25,0.0,4.889004132091479e-11,0.25,0.25,0.25
5,1,9,0.25,0.0,4.889004132091479e-11,0.25,0.25,0.25
5,1,10,0.25,0.0,4.889004132091479e-11,0.25,0.25,0.25
5,1,11,0.25,0.0,4.889004132091479e-11,0.25,0.25,0.25
5,1,12,0.25,0.0,4.889004132091479e-11,0.25,0.25,0.25
5,1,13,0.25,0.0,4.889004132091479e-11,0.25,0.25,0.25
5,1,14,0.25,0.0,4.889004132091479e-11,0.25,0.25,0.25
5,1,15,0.25,0.0,4.889004132091479e-11,0.25,0.25,0.25
5,1,16,0.25,0.0,4.889004132091479e-11,0.25,0.25,0.25
5,1,17,0.25,0.0,4.889004132091479e-11,0.25,0.25,0.25
5,1,18,0.25,0.0,4.889004132091479e-11,0.25,0.25,0.25
5,1,19,0.25,0.0,4.889004132091479e-11,0.25,0.25,0.25
5,1,20,0.25,0.0,4.889004132091479e-11,0.25,0.25,0.25
5,1,21,0.25,0.0,4.889004132091479e-11,0.25,0.25,0.25
5,1,22,0.25,0.0,4.889004132091479e-11,0.25,0.25,0.25
5,1,23,0.25,0.0,4.889004132091479e-11,0.25,0.25,0.25
5,1,24,0.25,0.0,4.889004132091479e-11,0.25,0.25,0.25
5,1,25,0.25,0.0,4.889004132091479e-11,0.25,0.25,0.25
5,1,26,0.25,0.0,4.889004132091479e-11,0.25,0.25,0.25
5,1,27,0.25,0.0,4.889004132091479e-11,0.25,0.25,0.25
5,1,28,0.25,0.0,4.889004132091479e-11,0.25,0.25,0.25
5,1,29,0.25,0.0,4.889004132091479e-11,0.25,0.25,0.25
5,1,30,0.25,0.0,4.889004132091479e-11,0.25,0.25,0.25
5,1,31,0.25,0.0,4.889004132091479e-11,0.25,0.25,0.25
5,1,32,0.25,0.0,4.889004132091479e-11,0.25,0.25,0.25
5,1,33,0.25,0.0,4.889004132091479e-11,0.25,0.25,0.25
5,1,34,0.25,0.0,4.889004132091479e-11,0.25,0.25,0.25
5,1,35,0.25,0.0,4.889004132091479e-11,0.25,0.25,0.25
5,1,36,0.25,0.0,4.889004132091479e-11,0.25,0.25,0.25
5,1,37,0.25,0.0,4.889004132091479e-11,0.25,0.25,0.25
5,1,38,0.25,0.0,4.889004132091479e-11,0.25,0.25,0.25
5,1,39,0.25,0.0,4.889004132091479e-11,0.25,0.25,0.25
5,1,40,0.25,0.0,4.889004132091479e-11,0.25,0.25,0.25
5,2,1,0.25,0.0,4.889004132091479e-11,0.25,0.25,0.25
5,2,2,0.25,0.0,4.889004132091479e-11,0.25,0.25,0.25
5,2,3,0.25,0.0,4.889004132091479e-11,0.25,0.25,0.25
5,2,4,0.25,0.0,4.889004132091479e-11,0.25,0.25,0.25
5,2,5,0.25,0.0,4.889004132091479e-11,0.25,0.25,0.25
5,2,6,0.25,0.0,4.889004132091479e-11,0.25,0.25,0.25
5,2,7,0.25,0.0,4.889004132091479e-11,0.25,0.25,0.25
5,2,8,0.25,0.0,4.889004132091479e-11,0.25,0.25,0.25
5,2,9,0.25,0.0,4.889004132091479e-11,0.25,0.25,0.25
5,2,10,0.25,0.0,4.889004132091479e-11,0.25,0.25,0.25
5,2,11,0.25,0.0,4.889004132091479e-11,0.25,0.25,0.25
5,2,12,0.25,0.0,4.889004132091479e-11,0.25,0.25,0.25
5,2,13,0.25,0.0,4.889004132091479e-11,0.25,0.25,0.25
5,2,14,0.25,0.0,4.889004132091479e-11,0.25,0.25,0.25
5,2,15,0.25,0.0,4.889004132091479e-11,0.25,0.25,0.25
5,2,16,0.25,0.0,4.889004132091479e-11,0.25,0.25,0.25
5,2,17,0.25,0.0,4.889004132091479e-11,0.25,0.25,0.25
5,2,18,0.25,0.0,4.889004132091479e-11,0.25,0.25,0.25
5,2,19,0.25,0.0,4.889004132091479e-11,0.25,0.25,0.25
5,2,20,0.25,0.0,4.889004132091479e-11,0.25,0.25,0.25
5,2,21,0.25,0.0,2.2147255140936295e-09,0.25,0.25,0.25
5,2,22,0.25,0.0,2.2147255140936295e-09,0.25,0.25,0.25
5,2,23,0.25,0.0,2.2147255140936295e-09,0.25,0.25,0.25
5,2,24,0.25,0.0,2.2147255140936295e-09,0.25,0.25,0.25
5,2,25,0.25,0.0,2.2147255140936295e-09,0.25,0.25,0.25
5,2,26,0.25,0.0,2.2147255140936295e-09,0.25,0.25,0.25
5,2,27,0.25,0.0,2.2147255140936295e-09,0.25,0.25,0.25
5,2,28,0.25,0.0,2.2147255140936295e-09,0.25,0.25,0.25
5,2,29,0.25,0.0,2.2147255140936295e-09,0.25,0.25,0.25
5,2,30,0.25,0.0,2.2147255140936295e-09,0.25,0.25,0.25
5,2,31,0.25,0.0,2.2147255140936295e-09,0.25,0.25,0.25
5,2,32,0.25,0.0,2.2147255140936295e-09,0.25,0.25,0.25
5,2,33,0.25,0.0,2.2147255140936295e-09,0.25,0.25,0.25
5,2,34,0.25,0.0,2.2147255140936295e-09,0.25,0.25,0.25
5,2,35,0.25,0.0,2.2147255140936295e-09,0.25,0.25,0.25
5,2,36,0.25,0.0,2.2147255140936295e-09,0.25,0.25,0.25
5,2,37,0.25,0.0,2.2147255140936295e-09,0.25,0.25,0.25
5,2,38,0.25,0.0,2.2147255140936295e-09,0.25,0.25,0.25
5,2,39,0.25,0.0,2.2147255140936295e-09,0.25,0.25,0.25
5,2,40,0.25,0.0,2.2147255140936295e-09,0.25,0.25,0.25
10,1,1,0.25,5.016369264421172e-12,7.684078373593195e-11,0.25,0.25,0.25
10,1,2,0.25,5.016369264421172e-12,7.684078373593195e-11,0.25,0.25,0.25
10,1,3,0.25,5.016369264421172e-12,7.684078373593195e-11,0.25,0.25,0.25
10,1,4,0.25,5.016369264421172e-12,7.684078373593195e-11,0.25,0.25,0.25
10,1,5,0.25,5.016369264421172e-12,7.684078373593195e-11,0.25,0.25,0.25
10,1,6,0.25,5.016369264421172e-12,7.684078373593195e-11,0.25,0.25,0.25
10,1,7,0.25,5.016369264421172e-12,7.684078373593195e-11,0.25,0.25,0.25
10,1,8,0.25,5.016369264421172e-12,7.684078373593195e-11,0.25,0.25,0.25
10,1,9,0.25,5.016369264421172e-12,7.684078373593195e-11,0.25,0.25,0.25
10,1,10,0.25,5.016369264421172e-12,7.684078373593195e-11,0.25,0.25,0.25
10,1,11,0.25,5.016369264421172e-12,7.684078373593195e-11,0.25,0.25,0.25
10,1,12,0.25,5.016369264421172e-12,7.684078373593195e-11,0.25,0.25,0.25
10,1,13,0.25,5.016369264421172e-12,7.684078373593195e-11,0.25,0.25,0.25
10,1,14,0.25,5.016369264421172e-12,7.684078373593195e-11,0.25,0.25,0.25
10,1,15,0.25,5.016369264421172e-12,7.684078373593195e-11,0.25,0.25,0.25
10,1,16,0.25,5.016369264421172e-12,7.684078373593195e-11,0.25,0.25,0.25
10,1,17,0.25,5.016369264421172e-12,7.684078373593195e-11,0.25,0.25,0.25
10,1,18,0.25,5.016369264421172e-12,7.684078373593195e-11,0.25,0.25,0.25
10,1,19,0.25,5.016369264421172e-12,7.684078373593195e-11,0.25,0.25,0.25
10,1,20,0.25,5.016369264421172e-12,7.684078373593195e-11,0.25,0.25,0.25
10,1,21,0.25,5.016369264421172e-12,7.684078373593195e-11,0.25,0.25,0.25
10,1,22,0.25,5.016369264421172e-12,7.684078373593195e-11,0.25,0.25,0.25
10,1,23,0.25,5.016369264421172e-12,7.684078373593195e-11,0.25,0.25,0.25
10,1,24,0.25,5.016369264421172e-12,7.684078373593195e-11,0.25,0.25,0.25
10,1,25,0.25,5.016369264421172e-12,7.684078373593195e-11,0.25,0.25,0.25
10,1,26,0.25,5.016369264421172e-12,7.684078373593195e-11,0.25,0.25,0.25
10,1,27,0.25,5.016369264421172e-12,7.684078373593195e-11,0.25,0.25,0.25
10,1,28,0.25,5.016369264421172e-12,7.684078373593195e-11,0.25,0.25,0.25
10,1,29,0.25,5.016369264421172e-12,7.684078373593195e-11,0.25,0.25,0.25
10,1,30,0.25,5.016369264421172e-12,7.684078373593195e-11,0.25,0.25,0.25
10,1,31,0.25,5.016369264421172e-12,7.684078373593195e-11,0.25,0.25,0.25
10,1,32,0.25,5.016369264421172e-12,7.684078373593195e-11,0.25,0.25,0.25
10,1,33,0.25,5.016369264421172e-12,7.684078373593195e-11,0.25,0.25,0.25
10,1,34,0.25,5.016369264421172e-12,7.684078373593195e-11,0.25,0.25,0.25
10,1,35,0.25,5.016369264421172e-12,7.684078373593195e-11,0.25,0.25,0.25
10,1,36,0.25,5.016369264421172e-12,7.684078373593195e-11,0.25,0.25,0.25
10,1,37,0.25,5.016369264421172e-12,7.684078373593195e-11,0.25,0.25,0.25
10,1,38,0.25,5.016369264421172e-12,7.684078373593195e-11,0.25,0.25,0.25
10,1,39,0.25,5.016369264421172e-12,7.684078373593195e-11,0.25,0.25,0.25
10,1,40,0.25,5.016369264421172e-12,7.684078373593195e-11,0.25,0.25,0.25
10,2,1,0.25,5.016369264421172e-12,7.684078373593195e-11,0.25,0.25,0.25
10,2,2,0.25,5.016369264421172e-12,7.684078373593195e-11,0.25,0.25,0.25
10,2,3,0.25,5.016369264421172e-12,7.684078373593195e-11,0.25,0.25,0.25
10,2,4,0.25,5.016369264421172e-12,7.684078373593195e-11,0.25,0.25,0.25
10,2,5,0.25,5.016369264421172e-12,7.684078373593195e-11,0.25,0.25,0.25
10,2,6,0.25,5.016369264421172e-12,7.684078373593195e-11,0.25,0.25,0.25
10,2,7,0.25,5.016369264421172e-12,7.684078373593195e-11,0.25,0.25,0.25
10,2,8,0.25,5.016369264421172e-12,7.684078373593195e-11,0.25,0.25,0.25
10,2,9,0.25,5.016369264421172e-12,7.684078373593195e-11,0.25,0.25,0.25
10,2,10,0.25,5.016369264421172e-12,7.684078373593195e-11,0.25,0.25,0.25
10,2,11,0.25,5.016369264421172e-12,7.684078373593195e-11,0.25,0.25,0.25
10,2,12,0.25,5.016369264421172e-12,7.684078373593195e-11,0.25,0.25,0.25
10,2,13,0.25,5.016369264421172e-12,7.684078373593195e-11,0.25,0.25,0.25
10,2,14,0.25,5.016369264421172e-12,7.684078373593195e-11,0.25,0.25,0.25
10,2,15,0.25,5.016369264421172e-12,7.684078373593195e-11,0.25,0.25,0.25
10,2,16,0.25,5.016369264421172e-12,7.684078373593195e-11,0.25,0.25,0.25
10,2,17,0.25,5.016369264421172e-12,7.684078373593195e-11,0.25,0.25,0.25
10,2,18,0.25,5.016369264421172e-12,7.684078373593195e-11,0.25,0.25,0.25
10,2,19,0.25,5.016369264421172e-12,7.684078373593195e-11,0.25,0.25,0.25
10,2,20,0.25,5.016369264421172e-12,7.684078373593195e-11,0.25,0.25,0.25
10,2,21,0.25,8.249003043137026e-12,1.9508898663200824e-10,0.25,0.25,0.25
10,2,22,0.25,8.249003043137026e-12,1.9508898663200824e-10,0.25,0.25,0.25
10,2,23,0.25,8.249003043137026e-12,1.9508898663200824e-10,0.25,0.25,0.25
10,2,24,0.25,8.249003043137026e-12,1.9508898663200824e-10,0.25,0.25,0.25
10,2,25,0.25,8.249003043137026e-12,1.9508898663200824e-10,0.25,0.25,0.25
10,2,26,0.25,8.249003043137026e-12,1.9508898663200824e-10,0.25,0.25,0.25
10,2,27,0.25,8.249003043137026e-12,1.9508898663200824e-10,0.25,0.25,0.25
10,2,28,0.25,8.249003043137026e-12,1.9508898663200824e-10,0.25,0.25,0.25
10,2,29,0.25,8.249003043137026e-12,1.9508898663200824e-10,0.25,0.25,0.25
10,2,30,0.25,8.249003043137026e-12,1.9508898663200824e-10,0.25,0.25,0.25
10,2,31,0.25,8.249003043137026e-12,1.9508898663200824e-10,0.25,0.25,0.25
10,2,32,0.25,8.249003043137026e-12,1.9508898663200824e-10,0.25,0.25,0.25
10,2,33,0.25,8.249003043137026e-12,1.9508898663200824e-10,0.25,0.25,0.25
10,2,34,0.25,8.249003043137026e-12,1.9508898663200824e-10,0.25,0.25,0.25
10,2,35,0.25,8.249003043137026e-12,1.9508898663200824e-10,0.25,0.25,0.25
10,2,36,0.25,8.249003043137026e-12,1.9508898663200824e-10,0.25,0.25,0.25
10,2,37,0.25,8.249003043137026e-12,1.9508898663200824e-10,0.25,0.25,0.25
10,2,38,0.25,8.249003043137026e-12,1.9508898663200824e-10,0.25,0.25,0.25
10,2,39,0.25,8.249003043137026e-12,1.9508898663200824e-10,0.25,0.25,0.25
10,2,40,0.25,8.249003043137026e-12,1.9508898663200824e-10,0.25,0.25,0.25
15,1,1,0.25,0.0,1.706125657419122e-10,0.25,0.25,0.25
15,1,2,0.25,0.0,1.706125657419122e-10,0.25,0.25,0.25
15,1,3,0.25,0.0,1.706125657419122e-10,0.25,0.25,0.25
15,1,4,0.25,0.0,1.706125657419122e-10,0.25,0.25,0.25
15,1,5,0.25,0.0,1.706125657419122e-10,0.25,0.25,0.25
15,1,6,0.25,0.0,1.706125657419122e-10,0.25,0.25,0.25
15,1,7,0.25,0.0,1.706125657419122e-10,0.25,0.25,0.25
15,1,8,0.25,0.0,1.706125657419122e-10,0.25,0.25,0.25
15,1,9,0.25,0.0,1.706125657419122e-10,0.25,0.25,0.25
15,1,10,0.25,0.0,1.706125657419122e-10,0.25,0.25,0.25
15,1,11,0.25,0.0,1.706125657419122e-10,0.25,0.25,0.25
15,1,12,0.25,0.0,1.706125657419122e-10,0.25,0.25,0.25
15,1,13,0.25,0.0,1.706125657419122e-10,0.25,0.25,0.25
15,1,14,0.25,0.0,1.706125657419122e-10,0.25,0.25,0.25
15,1,15,0.25,0.0,1.706125657419122e-10,0.25,0.25,0.25
15,1,16,0.25,0.0,1.706125657419122e-10,0.25,0.25,0.25
15,1,17,0.25,0.0,1.706125657419122e-10,0.25,0.25,0.25
15,1,18,0.25,0.0,1.706125657419122e-10,0.25,0.25,0.25
15,1,19,0.25,0.0,1.706125657419122e-10,0.25,0.25,0.25
15,1,20,0.25,0.0,1.706125657419122e-10,0.25,0.25,0.25
15,1,21,0.25,0.0,1.706125657419122e-10,0.25,0.25,0.25
15,1,22,0.25,0.0,1.706125657419122e-10,0.25,0.25,0.25
15,1,23,0.25,0.0,1.706125657419122e-10,0.25,0.25,0.25
15,1,24,0.25,0.0,1.706125657419122e-10,0.25,0.25,0.25
15,1,25,0.25,0.0,1.706125657419122e-10,0.25,0.25,0.25
15,1,26,0.25,0.0,1.706125657419122e-10,0.25,0.25,0.25
15,1,27,0.25,0.0,1.706125657419122e-10,0.25,0.25,0.25
15,1,28,0.25,0.0,1.706125657419122e-10,0.25,0.25,0.25
15,1,29,0.25,0.0,1.706125657419122e-10,0.25,0.25,0.25
15,1,30,0.25,0.0,1.706125657419122e-10,0.25,0.25,0.25
15,1,31,0.25,0.0,1.706125657419122e-10,0.25,0.25,0.25
15,1,32,0.25,0.0,1.706125657419122e-10,0.25,0.25,0.25
15,1,33,0.25,0.0,1.706125657419122e-10,0.25,0.25,0.25
15,1,34,0.25,0.0,1.706125657419122e-10,0.25,0.25,0.25
15,1,35,0.25,0.0,1.706125657419122e-10,0.25,0.25,0.25
15,1,36,0.25,0.0,1.706125657419122e-10,0.25,0.25,0.25
15,1,37,0.25,0.0,1.706125657419122e-10,0.25,0.25,0.25
15,1,38,0.25,0.0,1.706125657419122e-10,0.25,0.25,0.25
15,1,39,0.25,0.0,1.706125657419122e-10,0.25,0.25,0.25
15,1,40,0.25,0.0,1.706125657419122e-10,0.25,0.25,0.25
15,2,1,0.25,0.0,1.706125657419122e-10,0.25,0.25,0.25
15,2,2,0.25,0.0,1.706125657419122e-10,0.25,0.25,0.25
15,2,3,0.25,0.0,1.706125657419122e-10,0.25,0.25,0.25
15,2,4,0.25,0.0,1.706125657419122e-10,0.25,0.25,0.25
15,2,5,0.25,0.0,1.706125657419122e-10,0.25,0.25,0.25
15,2,6,0.25,0.0,1.706125657419122e-10,0.25,0.25,0.25
15,2,7,0.25,0.0,1.706125657419122e-10,0.25,0.25,0.25
15,2,8,0.25,0.0,1.706125657419122e-10,0.25,0.25,0.25
15,2,9,0.25,0.0,1.706125657419122e-10,0.25,0.25,0.25
15,2,10,0.25,0.0,1.706125657419122e-10,0.25,0.25,0.25
15,2,11,0.25,0.0,1.706125657419122e-10,0.25,0.25,0.25
15,2,12,0.25,0.0,1.706125657419122e-10,0.25,0.25,0.25
15,2,13,0.25,0.0,1.706125657419122e-10,0.25,0.25,0.25
15,2,14,0.25,0.0,1.706125657419122e-10,0.25,0.25,0.25
15,2,15,0.25,0.0,1.706125657419122e-10,0.25,0.25,0.25
15,2,16,0.25,0.0,1.706125657419122e-10,0.25,0.25,0.25
15,2,17,0.25,0.0,1.706125657419122e-10,0.25,0.25,0.25
15,2,18,0.25,0.0,1.706125657419122e-10,0.25,0.25,0.25
15,2,19,0.25,0.0,1.706125657419122e-10,0.25,0.25,0.25
15,2,20,0.25,0.0,1.706125657419122e-10,0.25,0.25,0.25
15,2,21,0.25,0.0,3.808140001254623e-12,0.25,0.25,0.25
15,2,22,0.25,0.0,3.808140001254623e-12,0.25,0.25,0.25
15,2,23,0.25,0.0,3.808140001254623e-12,0.25,0.25,0.25
15,2,24,0.25,0.0,3.808140001254623e-12,0.25,0.25,0.25
15,2,25,0.25,0.0,3.808140001254623e-12,0.25,0.25,0.25
15,2,26,0.25,0.0,3.808140001254623e-12,0.25,0.25,0.25
15,2,27,0.25,0.0,3.808140001254623e-12,0.25,0.25,0.25
15,2,28,0.25,0.0,3.808140001254623e-12,0.25,0.25,0.25
15,2,29,0.25,0.0,3.808140001254623e-12,0.25,0.25,0.25
15,2,30,0.25,0.0,3.808140001254623e-12,0.25,0.25,0.25
15,2,31,0.25,0.0,3.808140001254623e-12,0.25,0.25,0.25
15,2,32,0.25,0.0,3.808140001254623e-12,0.25,0.25,0.25
15,2,33,0.25,0.0,3.808140001254623e-12,0.25,0.25,0.25
15,2,34,0.25,0.0,3.808140001254623e-12,0.25,0.25,0.25
15,2,35,0.25,0.0,3.808140001254623e-12,0.25,0.25,0.25
15,2,36,0.25,0.0,3.808140001254623e-12,0.25,0.25,0.25
15,2,37,0.25,0.0,3.808140001254623e-12,0.25,0.25,0.25
15,2,38,0.25,0.0,3.808140001254623e-12,0.25,0.25,0.25
15,2,39,0.25,0.0,3.808140001254623e-12,0.25,0.25,0.25
15,2,40,0.25,0.0,3.808140001254623e-12,0.25,0.25,0.25
20,1,1,0.25,0.0,2.8061600265694153e-10,0.25,0.25,0.25
20,1,2,0.25,0.0,2.8061600265694153e-10,0.25,0.25,0.25
20,1,3,0.25,0.0,2.8061600265694153e-10,0.25,0.25,0.25
20,1,4,0.25,0.0,2.8061600265694153e-10,0.25,0.25,0.25
20,1,5,0.25,0.0,2.8061600265694153e-10,0.25,0.25,0.25
20,1,6,0.25,0.0,2.8061600265694153e-10,0.25,0.25,0.25
20,1,7,0.25,0.0,2.8061600265694153e-10,0.25,0.25,0.25
20,1,8,0.25,0.0,2.8061600265694153e-10,0.25,0.25,0.25
20,1,9,0.25,0.0,2.8061600265694153e-10,0.25,0.25,0.25
20,1,10,0.25,0.0,2.8061600265694153e-10,0.25,0.25,0.25
20,1,11,0.25,0.0,2.8061600265694153e-10,0.25,0.25,0.25
20,1,12,0.25,0.0,2.8061600265694153e-10,0.25,0.25,0.25
20,1,13,0.25,0.0,2.8061600265694153e-10,0.25,0.25,0.25
20,1,14,0.25,0.0,2.8061600265694153e-10,0.25,0.25,0.25
20,1,15,0.25,0.0,2.8061600265694153e-10,0.25,0.25,0.25
20,1,16,0.25,0.0,2.8061600265694153e-10,0.25,0.25,0.25
20,1,17,0.25,0.0,2.8061600265694153e-10,0.25,0.25,0.25
20,1,18,0.25,0.0,2.8061600265694153e-10,0.25,0.25,0.25
20,1,19,0.25,0.0,2.8061600265694153e-10,0.25,0.25,0.25
20,1,20,0.25,0.0,2.8061600265694153e-10,0.25,0.25,0.25
20,1,21,0.25,0.0,2.8061600265694153e-10,0.25,0.25,0.25
20,1,22,0.25,0.0,2.8061600265694153e-10,0.25,0.25,0.25
20,1,23,0.25,0.0,2.8061600265694153e-10,0.25,0.25,0.25
20,1,24,0.25,0.0,2.8061600265694153e-10,0.25,0.25,0.25
20,1,25,0.25,0.0,2.8061600265694153e-10,0.25,0.25,0.25
20,1,26,0.25,0.0,2.8061600265694153e-10,0.25,0.25,0.25
20,1,27,0.25,0.0,2.8061600265694153e-10,0.25,0.25,0.25
20,1,28,0.25,0.0,2.8061600265694153e-10,0.25,0.25,0.25
20,1,29,0.25,0.0,2.8061600265694153e-10,0.25,0.25,0.25
20,1,30,0.25,0.0,2.8061600265694153e-10,0.25,0.25,0.25
20,1,31,0.25,0.0,2.8061600265694153e-10,0.25,0.25,0.25
20,1,32,0.25,0.0,2.8061600265694153e-10,0.25,0.25,0.25
20,1,33,0.25,0.0,2.8061600265694153e-10,0.25,0.25,0.25
20,1,34,0.25,0.0,2.8061600265694153e-10,0.25,0.25,0.25
20,1,35,0.25,0.0,2.8061600265694153e-10,0.25,0.25,0.25
20,1,36,0.25,0.0,2.8061600265694153e-10,0.25,0.25,0.25
20,1,37,0.25,0.0,2.8061600265694153e-10,0.25,0.25,0.25
20,1,38,0.25,0.0,2.8061600265694153e-10,0.25,0.25,0.25
20,1,39,0.25,0.0,2.8061600265694153e-10,0.25,0.25,0.25
20,1,40,0.25,0.0,2.8061600265694153e-10,0.25,0.25,0.25
20,2,1,0.25,0.0,2.8061600265694153e-10,0.25,0.25,0.25
20,2,2,0.25,0.0,2.8061600265694153e-10,0.25,0.25,0.25
20,2,3,0.25,0.0,2.8061600265694153e-10,0.25,0.25,0.25
20,2,4,0.25,0.0,2.8061600265694153e-10,0.25,0.25,0.25
20,2,5,0.25,0.0,2.8061600265694153e-10,0.25,0.25,0.25
20,2,6,0.25,0.0,2.8061600265694153e-10,0.25,0.25,0.25
20,2,7,0.25,0.0,2.8061600265694153e-10,0.25,0.25,0.25
20,2,8,0.25,0.0,2.8061600265694153e-10,0.25,0.25,0.25
20,2,9,0.25,0.0,2.8061600265694153e-10,0.25,0.25,0.25
20,2,10,0.25,0.0,2.8061600265694153e-10,0.25,0.25,0.25
20,2,11,0.25,0.0,2.8061600265694153e-10,0.25,0.25,0.25
20,2,12,0.25,0.0,2.8061600265694153e-10,0.25,0.25,0.25
20,2,13,0.25,0.0,2.8061600265694153e-10,0.25,0.25,0.25
20,2,14,0.25,0.0,2.8061600265694153e-10,0.25,0.25,0.25
20,2,15,0.25,0.0,2.8061600265694153e-10,0.25,0.25,0.25
20,2,16,0.25,0.0,2.8061600265694153e-10,0.25,0.25,0.25
20,2,17,0.25,0.0,2.8061600265694153e-10,0.25,0.25,0.25
20,2,18,0.25,0.0,2.8061600265694153e-10,0.25,0.25,0.25
20,2,19,0.25,0.0,2.8061600265694153e-10,0.25,0.25,0.25
20,2,20,0.25,0.0,2.8061600265694153e-10,0.25,0.25,0.25
20,2,21,0.25,0.0,2.034103024906031e-10,0.25,0.25,0.25
20,2,22,0.25,0.0,2.034103024906031e-10,0.25,0.25,0.25
20,2,23,0.25,0.0,2.034103024906031e-10,0.25,0.25,0.25
20,2,24,0.25,0.0,2.034103024906031e-10,0.25,0.25,0.25
20,2,25,0.25,0.0,2.034103024906031e-10,0.25,0.25,0.25
20,2,26,0.25,0.0,2.034103024906031e-10,0.25,0.25,0.25
20,2,27,0.25,0.0,2.034103024906031e-10,0.25,0.25,0.25
20,2,28,0.25,0.0,2.034103024906031e-10,0.25,0.25,0.25
20,2,29,0.25,0.0,2.034103024906031e-10,0.25,0.25,0.25
20,2,30,0.25,0.0,2.034103024906031e-10,0.25,0.25,0.25
20,2,31,0.25,0.0,2.034103024906031e-10,0.25,0.25,0.25
20,2,32,0.25,0.0,2.034103024906031e-10,0.25,0.25,0.25
20,2,33,0.25,0.0,2.034103024906031e-10,0.25,0.25,0.25
20,2,34,0.25,0.0,2.034103024906031e-10,0.25,0.25,0.25
20,2,35,0.25,0.0,2.034103024906031e-10,0.25,0.25,0.25
20,2,36,0.25,0.0,2.034103024906031e-10,0.25,0.25,0.25
20,2,37,0.25,0.0,2.034103024906031e-10,0.25,0.25,0.25
20,2,38,0.25,0.0,2.034103024906031e-10,0.25,0.25,0.25
20,2,39,0.25,0.0,2.034103024906031e-10,0.25,0.25,0.25
20,2,40,0.25,0.0,2.034103024906031e-10,0.25,0.25,0.25
25,1,1,0.25,0.0,4.1893274960180804e-10,0.25,0.25,0.25
25,1,2,0.25,0.0,4.1893274960180804e-10,0.25,0.25,0.25
25,1,3,0.25,0.0,4.1893274960180804e-10,0.25,0.25,0.25
25,1,4,0.25,0.0,4.1893274960180804e-10,0.25,0.25,0.25
25,1,5,0.25,0.0,4.1893274960180804e-10,0.25,0.25,0.25
25,1,6,0.25,0.0,4.1893274960180804e-10,0.25,0.25,0.25
25,1,7,0.25,0.0,4.1893274960180804e-10,0.25,0.25,0.25
25,1,8,0.25,0.0,4.1893274960180804e-10,0.25,0.25,0.25
25,1,9,0.25,0.0,4.1893274960180804e-10,0.25,0.25,0.25
25,1,10,0.25,0.0,4.1893274960180804e-10,0.25,0.25,0.25
25,1,11,0.25,0.0,4.1893274960180804e-10,0.25,0.25,0.25
25,1,12,0.25,0.0,4.1893274960180804e-10,0.25,0.25,0.25
25,1,13,0.25,0.0,4.1893274960180804e-10,0.25,0.25,0.25
25,1,14,0.25,0.0,4.1893274960180804e-10,0.25,0.25,0.25
25,1,15,0.25,0.0,4.1893274960180804e-10,0.25,0.25,0.25
25,1,16,0.25,0.0,4.1893274960180804e-10,0.25,0.25,0.25
25,1,17,0.25,0.0,4.1893274960180804e-10,0.25,0.25,0.25
25,1,18,0.25,0.0,4.1893274960180804e-10,0.25,0.25,0.25
25,1,19,0.25,0.0,4.1893274960180804e-10,0.25,0.25,0.25
25,1,20,0.25,0.0,4.1893274960180804e-10,0.25,0.25,0.25
25,1,21,0.25,0.0,4.1893274960180804e-10,0.25,0.25,0.25
25,1,22,0.25,0.0,4.1893274960180804e-10,0.25,0.25,0.25
25,1,23,0.25,0.0,4.1893274960180804e-10,0.25,0.25,0.25
25,1,24,0.25,0.0,4.1893274960180804e-10,0.25,0.25,0.25
25,1,25,0.25,0.0,4.1893274960180804e-10,0.25,0.25,0.25
25,1,26,0.25,0.0,4.1893274960180804e-10,0.25,0.25,0.25
25,1,27,0.25,0.0,4.1893274960180804e-10,0.25,0.25,0.25
25,1,28,0.25,0.0,4.1893274960180804e-10,0.25,0.25,0.25
25,1,29,0.25,0.0,4.1893274960180804e-10,0.25,0.25,0.25
25,1,30,0.25,0.0,4.1893274960180804e-10,0.25,0.25,0.25
25,1,31,0.25,0.0,4.1893274960180804e-10,0.25,0.25,0.25
25,1,32,0.25,0.0,4.1893274960180804e-10,0.25,0.25,0.25
25,1,33,0.25,0.0,4.1893274960180804e-10,0.25,0.25,0.25
25,1,34,0.25,0.0,4.1893274960180804e-10,0.25,0.25,0.25
25,1,35,0.25,0.0,4.1893274960180804e-10,0.25,0.25,0.25
25,1,36,0.25,0.0,4.1893274960180804e-10,0.25,0.25,0.25
25,1,37,0.25,0.0,4.1893274960180804e-10,0.25,0.25,0.25
25,1,38,0.25,0.0,4.1893274960180804e-10,0.25,0.25,0.25
25,1,39,0.25,0.0,4.1893274960180804e-10,0.25,0.25,0.25
25,1,40,0.25,0.0,4.1893274960180804e-10,0.25,0.25,0.25
25,2,1,0.25,0.0,4.1893274960180804e-10,0.25,0.25,0.25
25,2,2,0.25,0.0,4.1893274960180804e-10,0.25,0.25,0.25
25,2,3,0.25,0.0,4.1893274960180804e-10,0.25,0.25,0.25
25,2,4,0.25,0.0,4.1893274960180804e-10,0.25,0.25,0.25
25,2,5,0.25,0.0,4.1893274960180804e-10,0.25,0.25,0.25
25,2,6,0.25,0.0,4.1893274960180804e-10,0.25,0.25,0.25
25,2,7,0.25,0.0,4.1893274960180804e-10,0.25,0.25,0.25
25,2,8,0.25,0.0,4.1893274960180804e-10,0.25,0.25,0.25
25,2,9,0.25,0.0,4.1893274960180804e-10,0.25,0.25,0.25
25,2,10,0.25,0.0,4.1893274960180804e-10,0.25,0.25,0.25
25,2,11,0.25,0.0,4.1893274960180804e-10,0.25,0.25,0.25
25,2,12,0.25,0.0,4.1893274960180804e-10,0.25,0.25,0.25
25,2,13,0.25,0.0,4.1893274960180804e-10,0.25,0.25,0.25
25,2,14,0.25,0.0,4.1893274960180804e-10,0.25,0.25,0.25
25,2,15,0.25,0.0,4.1893274960180804e-10,0.25,0.25,0.25
25,2,16,0.25,0.0,4.1893274960180804e-10,0.25,0.25,0.25
25,2,17,0.25,0.0,4.1893274960180804e-10,0.25,0.25,0.25
25,2,18,0.25,0.0,4.1893274960180804e-10,0.25,0.25,0.25
25,2,19,0.25,0.0,4.1893274960180804e-10,0.25,0.25,0.25
25,2,20,0.25,0.0,4.1893274960180804e-10,0.25,0.25,0.25
25,2,21,0.25,0.0,3.337269002812171e-11,0.25,0.25,0.25
25,2,22,0.25,0.0,3.337269002812171e-11,0.25,0.25,0.25
25,2,23,0.25,0.0,3.337269002812171e-11,0.25,0.25,0.25
25,2,24,0.25,0.0,3.337269002812171e-11,0.25,0.25,0.25
25,2,25,0.25,0.0,3.337269002812171e-11,0.25,0.25,0.25
25,2,26,0.25,0.0,3.337269002812171e-11,0.25,0.25,0.25
25,2,27,0.25,0.0,3.337269002812171e-11,0.25,0.25,0.25
25,2,28,0.25,0.0,3.337269002812171e-11,0.25,0.25,0.25
25,2,29,0.25,0.0,3.337269002812171e-11,0.25,0.25,0.25
25,2,30,0.25,0.0,3.337269002812171e-11,0.25,0.25,0.25
25,2,31,0.25,0.0,3.337269002812171e-11,0.25,0.25,0.25
25,2,32,0.25,0.0,3.337269002812171e-11,0.25,0.25,0.25
25,2,33,0.25,0.0,3.337269002812171e-11,0.25,0.25,0.25
25,2,34,0.25,0.0,3.337269002812171e-11,0.25,0.25,0.25
25,2,35,0.25,0.0,3.337269002812171e-11,0.25,0.25,0.25
25,2,36,0.25,0.0,3.337269002812171e-11,0.25,0.25,0.25
25,2,37,0.25,0.0,3.337269002812171e-11,0.25,0.25,0.25
25,2,38,0.25,0.0,3.337269002812171e-11,0.25,0.25,0.25
25,2,39,0.25,0.0,3.337269002812171e-11,0.25,0.25,0.25
25,2,40,0.25,0.0,3.337269002812171e-11,0.25,0.25,0.25
30,1,1,0.25,0.0,0.22568154335021973,0.25,0.25,0.02431846223771572
30,1,2,0.25,0.0,0.22568154335021973,0.25,0.25,0.02431846223771572
30,1,3,0.25,0.0,0.22568154335021973,0.25,0.25,0.02431846223771572
30,1,4,0.25,0.0,0.22568154335021973,0.25,0.25,0.02431846223771572
30,1,5,0.25,0.0,0.22568154335021973,0.25,0.25,0.02431846223771572
30,1,6,0.25,0.0,0.22568154335021973,0.25,0.25,0.02431846223771572
30,1,7,0.25,0.0,0.22568154335021973,0.25,0.25,0.02431846223771572
30,1,8,0.25,0.0,0.22568154335021973,0.25,0.25,0.02431846223771572
30,1,9,0.25,0.0,0.22568154335021973,0.25,0.25,0.02431846223771572
30,1,10,0.25,0.0,0.22568154335021973,0.25,0.25,0.02431846223771572
30,1,11,0.25,0.0,0.22568154335021973,0.25,0.25,0.02431846223771572
30,1,12,0.25,0.0,0.22568154335021973,0.25,0.25,0.02431846223771572
30,1,13,0.25,0.0,0.22568154335021973,0.25,0.25,0.02431846223771572
30,1,14,0.25,0.0,0.22568154335021973,0.25,0.25,0.02431846223771572
30,1,15,0.25,0.0,0.22568154335021973,0.25,0.25,0.02431846223771572
30,1,16,0.25,0.0,0.22568154335021973,0.25,0.25,0.02431846223771572
30,1,17,0.25,0.0,0.22568154335021973,0.25,0.25,0.02431846223771572
30,1,18,0.25,0.0,0.22568154335021973,0.25,0.25,0.02431846223771572
30,1,19,0.25,0.0,0.22568154335021973,0.25,0.25,0.02431846223771572
30,1,20,0.25,0.0,0.22568154335021973,0.25,0.25,0.02431846223771572
30,1,21,0.25,0.0,0.22568154335021973,0.25,0.25,0.02431846223771572
30,1,22,0.25,0.0,0.22568154335021973,0.25,0.25,0.02431846223771572
30,1,23,0.25,0.0,0.22568154335021973,0.25,0.25,0.02431846223771572
30,1,24,0.25,0.0,0.22568154335021973,0.25,0.25,0.02431846223771572
30,1,25,0.25,0.0,0.22568154335021973,0.25,0.25,0.02431846223771572
30,1,26,0.25,0.0,0.22568154335021973,0.25,0.25,0.02431846223771572
30,1,27,0.25,0.0,0.22568154335021973,0.25,0.25,0.02431846223771572
30,1,28,0.25,0.0,0.22568154335021973,0.25,0.25,0.02431846223771572
30,1,29,0.25,0.0,0.22568154335021973,0.25,0.25,0.02431846223771572
30,1,30,0.25,0.0,0.22568154335021973,0.25,0.25,0.02431846223771572
30,1,31,0.25,0.0,0.22568154335021973,0.25,0.25,0.02431846223771572
30,1,32,0.25,0.0,0.22568154335021973,0.25,0.25,0.02431846223771572
30,1,33,0.25,0.0,0.22568154335021973,0.25,0.25,0.02431846223771572
30,1,34,0.25,0.0,0.22568154335021973,0.25,0.25,0.02431846223771572
30,1,35,0.25,0.0,0.22568154335021973,0.25,0.25,0.02431846223771572
30,1,36,0.25,0.0,0.22568154335021973,0.25,0.25,0.02431846223771572
30,1,37,0.25,0.0,0.22568154335021973,0.25,0.25,0.02431846223771572
30,1,38,0.25,0.0,0.22568154335021973,0.25,0.25,0.02431846223771572
30,1,39,0.25,0.0,0.22568154335021973,0.25,0.25,0.02431846223771572
30,1,40,0.25,0.0,0.22568154335021973,0.25,0.25,0.02431846223771572
30,2,1,0.25,0.0,0.22568154335021973,0.25,0.25,0.02431846223771572
30,2,2,0.25,0.0,0.22568154335021973,0.25,0.25,0.02431846223771572
30,2,3,0.25,0.0,0.22568154335021973,0.25,0.25,0.02431846223771572
30,2,4,0.25,0.0,0.22568154335021973,0.25,0.25,0.02431846223771572
30,2,5,0.25,0.0,0.22568154335021973,0.25,0.25,0.02431846223771572
30,2,6,0.25,0.0,0.22568154335021973,0.25,0.25,0.02431846223771572
30,2,7,0.25,0.0,0.22568154335021973,0.25,0.25,0.02431846223771572
30,2,8,0.25,0.0,0.22568154335021973,0.25,0.25,0.02431846223771572
30,2,9,0.25,0.0,0.22568154335021973,0.25,0.25,0.02431846223771572
30,2,10,0.25,0.0,0.22568154335021973,0.25,0.25,0.02431846223771572
30,2,11,0.25,0.0,0.22568154335021973,0.25,0.25,0.02431846223771572
30,2,12,0.25,0.0,0.22568154335021973,0.25,0.25,0.02431846223771572
30,2,13,0.25,0.0,0.22568154335021973,0.25,0.25,0.02431846223771572
30,2,14,0.25,0.0,0.22568154335021973,0.25,0.25,0.02431846223771572
30,2,15,0.25,0.0,0.22568154335021973,0.25,0.25,0.02431846223771572
30,2,16,0.25,0.0,0.22568154335021973,0.25,0.25,0.02431846223771572
30,2,17,0.25,0.0,0.22568154335021973,0.25,0.25,0.02431846223771572
30,2,18,0.25,0.0,0.22568154335021973,0.25,0.25,0.02431846223771572
30,2,19,0.25,0.0,0.22568154335021973,0.25,0.25,0.02431846223771572
30,2,20,0.25,0.0,0.22568154335021973,0.25,0.25,0.02431846223771572
30,2,21,0.25,0.0,0.25,0.25,0.25,4.973131240149087e-09
30,2,22,0.25,0.0,0.25,0.25,0.25,4.973131240149087e-09
30,2,23,0.25,0.0,0.25,0.25,0.25,4.973131240149087e-09
30,2,24,0.25,0.0,0.25,0.25,0.25,4.973131240149087e-09
30,2,25,0.25,0.0,0.25,0.25,0.25,4.973131240149087e-09
30,2,26,0.25,0.0,0.25,0.25,0.25,4.973131240149087e-09
30,2,27,0.25,0.0,0.25,0.25,0.25,4.973131240149087e-09
30,2,28,0.25,0.0,0.25,0.25,0.25,4.973131240149087e-09
30,2,29,0.25,0.0,0.25,0.25,0.25,4.973131240149087e-09
30,2,30,0.25,0.0,0.25,0.25,0.25,4.973131240149087e-09
30,2,31,0.25,0.0,0.25,0.25,0.25,4.973131240149087e-09
30,2,32,0.25,0.0,0.25,0.25,0.25,4.973131240149087e-09
30,2,33,0.25,0.0,0.25,0.25,0.25,4.973131240149087e-09
30,2,34,0.25,0.0,0.25,0.25,0.25,4.973131240149087e-09
30,2,35,0.25,0.0,0.25,0.25,0.25,4.973131240149087e-09
30,2,36,0.25,0.0,0.25,0.25,0.25,4.973131240149087e-09
30,2,37,0.25,0.0,0.25,0.25,0.25,4.973131240149087e-09
30,2,38,0.25,0.0,0.25,0.25,0.25,4.973131240149087e-09
30,2,39,0.25,0.0,0.25,0.25,0.25,4.973131240149087e-09
30,2,40,0.25,0.0,0.25,0.25,0.25,4.973131240149087e-09
35,1,1,0.25,0.0,1.9743376378222877e-10,0.25,0.25,0.25
35,1,2,0.25,0.0,1.9743376378222877e-10,0.25,0.25,0.25
35,1,3,0.25,0.0,1.9743376378222877e-10,0.25,0.25,0.25
35,1,4,0.25,0.0,1.9743376378222877e-10,0.25,0.25,0.25
35,1,5,0.25,0.0,1.9743376378222877e-10,0.25,0.25,0.25
35,1,6,0.25,0.0,1.9743376378222877e-10,0.25,0.25,0.25
35,1,7,0.25,0.0,1.9743376378222877e-10,0.25,0.25,0.25
35,1,8,0.25,0.0,1.9743376378222877e-10,0.25,0.25,0.25
35,1,9,0.25,0.0,1.9743376378222877e-10,0.25,0.25,0.25
35,1,10,0.25,0.0,1.9743376378222877e-10,0.25,0.25,0.25
35,1,11,0.25,0.0,1.9743376378222877e-10,0.25,0.25,0.25
35,1,12,0.25,0.0,1.9743376378222877e-10,0.25,0.25,0.25
35,1,13,0.25,0.0,1.9743376378222877e-10,0.25,0.25,0.25
35,1,14,0.25,0.0,1.9743376378222877e-10,0.25,0.25,0.25
35,1,15,0.25,0.0,1.9743376378222877e-10,0.25,0.25,0.25
35,1,16,0.25,0.0,1.9743376378222877e-10,0.25,0.25,0.25
35,1,17,0.25,0.0,1.9743376378222877e-10,0.25,0.25,0.25
35,1,18,0.25,0.0,1.9743376378222877e-10,0.25,0.25,0.25
35,1,19,0.25,0.0,1.9743376378222877e-10,0.25,0.25,0.25
35,1,20,0.25,0.0,1.9743376378222877e-10,0.25,0.25,0.25
35,1,21,0.25,0.0,1.9743376378222877e-10,0.25,0.25,0.25
35,1,22,0.25,0.0,1.9743376378222877e-10,0.25,0.25,0.25
35,1,23,0.25,0.0,1.9743376378222877e-10,0.25,0.25,0.25
35,1,24,0.25,0.0,1.9743376378222877e-10,0.25,0.25,0.25
35,1,25,0.25,0.0,1.9743376378222877e-10,0.25,0.25,0.25
35,1,26,0.25,0.0,1.9743376378222877e-10,0.25,0.25,0.25
35,1,27,0.25,0.0,1.9743376378222877e-10,0.25,0.25,0.25
35,1,28,0.25,0.0,1.9743376378222877e-10,0.25,0.25,0.25
35,1,29,0.25,0.0,1.9743376378222877e-10,0.25,0.25,0.25
35,1,30,0.25,0.0,1.9743376378222877e-10,0.25,0.25,0.25
35,1,31,0.25,0.0,1.9743376378222877e-10,0.25,0.25,0.25
35,1,32,0.25,0.0,1.9743376378222877e-10,0.25,0.25,0.25
35,1,33,0.25,0.0,1.9743376378222877e-10,0.25,0.25,0.25
35,1,34,0.25,0.0,1.9743376378222877e-10,0.25,0.25,0.25
35,1,35,0.25,0.0,1.9743376378222877e-10,0.25,0.25,0.25
35,1,36,0.25,0.0,1.9743376378222877e-10,0.25,0.25,0.25
35,1,37,0.25,0.0,1.9743376378222877e-10,0.25,0.25,0.25
35,1,38,0.25,0.0,1.9743376378222877e-10,0.25,0.25,0.25
35,1,39,0.25,0.0,1.9743376378222877e-10,0.25,0.25,0.25
35,1,40,0.25,0.0,1.9743376378222877e-10,0.25,0.25,0.25
35,2,1,0.25,0.0,1.9743376378222877e-10,0.25,0.25,0.25
35,2,2,0.25,0.0,1.9743376378222877e-10,0.25,0.25,0.25
35,2,3,0.25,0.0,1.9743376378222877e-10,0.25,0.25,0.25
35,2,4,0.25,0.0,1.9743376378222877e-10,0.25,0.25,0.25
35,2,5,0.25,0.0,1.9743376378222877e-10,0.25,0.25,0.25
35,2,6,0.25,0.0,1.9743376378222877e-10,0.25,0.25,0.25
35,2,7,0.25,0.0,1.9743376378222877e-10,0.25,0.25,0.25
35,2,8,0.25,0.0,1.9743376378222877e-10,0.25,0.25,0.25
35,2,9,0.25,0.0,1.9743376378222877e-10,0.25,0.25,0.25
35,2,10,0.25,0.0,1.9743376378222877e-10,0.25,0.25,0.25
35,2,11,0.25,0.0,1.9743376378222877e-10,0.25,0.25,0.25
35,2,12,0.25,0.0,1.9743376378222877e-10,0.25,0.25,0.25
35,2,13,0.25,0.0,1.9743376378222877e-10,0.25,0.25,0.25
35,2,14,0.25,0.0,1.9743376378222877e-10,0.25,0.25,0.25
35,2,15,0.25,0.0,1.9743376378222877e-10,0.25,0.25,0.25
35,2,16,0.25,0.0,1.9743376378222877e-10,0.25,0.25,0.25
35,2,17,0.25,0.0,1.9743376378222877e-10,0.25,0.25,0.25
35,2,18,0.25,0.0,1.9743376378222877e-10,0.25,0.25,0.25
35,2,19,0.25,0.0,1.9743376378222877e-10,0.25,0.25,0.25
35,2,20,0.25,0.0,1.9743376378222877e-10,0.25,0.25,0.25
35,2,21,0.25,0.0,1.5725863666826712e-10,0.25,0.25,0.25
35,2,22,0.25,0.0,1.5725863666826712e-10,0.25,0.25,0.25
35,2,23,0.25,0.0,1.5725863666826712e-10,0.25,0.25,0.25
35,2,24,0.25,0.0,1.5725863666826712e-10,0.25,0.25,0.25
35,2,25,0.25,0.0,1.5725863666826712e-10,0.25,0.25,0.25
35,2,26,0.25,0.0,1.5725863666826712e-10,0.25,0.25,0.25
35,2,27,0.25,0.0,1.5725863666826712e-10,0.25,0.25,0.25
35,2,28,0.25,0.0,1.5725863666826712e-10,0.25,0.25,0.25
35,2,29,0.25,0.0,1.5725863666826712e-10,0.25,0.25,0.25
35,2,30,0.25,0.0,1.5725863666826712e-10,0.25,0.25,0.25
35,2,31,0.25,0.0,1.5725863666826712e-10,0.25,0.25,0.25
35,2,32,0.25,0.0,1.5725863666826712e-10,0.25,0.25,0.25
35,2,33,0.25,0.0,1.5725863666826712e-10,0.25,0.25,0.25
35,2,34,0.25,0.0,1.5725863666826712e-10,0.25,0.25,0.25
35,2,35,0.25,0.0,1.5725863666826712e-10,0.25,0.25,0.25
35,2,36,0.25,0.0,1.5725863666826712e-10,0.25,0.25,0.25
35,2,37,0.25,0.0,1.5725863666826712e-10,0.25,0.25,0.25
35,2,38,0.25,0.0,1.5725863666826712e-10,0.25,0.25,0.25
35,2,39,0.25,0.0,1.5725863666826712e-10,0.25,0.25,0.25
35,2,40,0.25,0.0,1.5725863666826712e-10,0.25,0.25,0.25
40,1,1,0.25,0.0,1.1945446409811211e-08,0.25,0.25,0.2499999850988388
40,1,2,0.25,0.0,1.1945446409811211e-08,0.25,0.25,0.2499999850988388
40,1,3,0.25,0.0,1.1945446409811211e-08,0.25,0.25,0.2499999850988388
40,1,4,0.25,0.0,1.1945446409811211e-08,0.25,0.25,0.2499999850988388
40,1,5,0.25,0.0,1.1945446409811211e-08,0.25,0.25,0.2499999850988388
40,1,6,0.25,0.0,1.1945446409811211e-08,0.25,0.25,0.2499999850988388
40,1,7,0.25,0.0,1.1945446409811211e-08,0.25,0.25,0.2499999850988388
40,1,8,0.25,0.0,1.1945446409811211e-08,0.25,0.25,0.2499999850988388
40,1,9,0.25,0.0,1.1945446409811211e-08,0.25,0.25,0.2499999850988388
40,1,10,0.25,0.0,1.1945446409811211e-08,0.25,0.25,0.2499999850988388
40,1,11,0.25,0.0,1.1945446409811211e-08,0.25,0.25,0.2499999850988388
40,1,12,0.25,0.0,1.1945446409811211e-08,0.25,0.25,0.2499999850988388
40,1,13,0.25,0.0,1.1945446409811211e-08,0.25,0.25,0.2499999850988388
40,1,14,0.25,0.0,1.1945446409811211e-08,0.25,0.25,0.2499999850988388
40,1,15,0.25,0.0,1.1945446409811211e-08,0.25,0.25,0.2499999850988388
40,1,16,0.25,0.0,1.1945446409811211e-08,0.25,0.25,0.2499999850988388
40,1,17,0.25,0.0,1.1945446409811211e-08,0.25,0.25,0.2499999850988388
40,1,18,0.25,0.0,1.1945446409811211e-08,0.25,0.25,0.2499999850988388
40,1,19,0.25,0.0,1.1945446409811211e-08,0.25,0.25,0.2499999850988388
40,1,20,0.25,0.0,1.1945446409811211e-08,0.25,0.25,0.2499999850988388
40,1,21,0.25,0.0,1.1945446409811211e-08,0.25,0.25,0.2499999850988388
40,1,22,0.25,0.0,1.1945446409811211e-08,0.25,0.25,0.2499999850988388
40,1,23,0.25,0.0,1.1945446409811211e-08,0.25,0.25,0.2499999850988388
40,1,24,0.25,0.0,1.1945446409811211e-08,0.25,0.25,0.2499999850988388
40,1,25,0.25,0.0,1.1945446409811211e-08,0.25,0.25,0.2499999850988388
40,1,26,0.25,0.0,1.1945446409811211e-08,0.25,0.25,0.2499999850988388
40,1,27,0.25,0.0,1.1945446409811211e-08,0.25,0.25,0.2499999850988388
40,1,28,0.25,0.0,1.1945446409811211e-08,0.25,0.25,0.2499999850988388
40,1,29,0.25,0.0,1.1945446409811211e-08,0.25,0.25,0.2499999850988388
40,1,30,0.25,0.0,1.1945446409811211e-08,0.25,0.25,0.2499999850988388
40,1,31,0.25,0.0,1.1945446409811211e-08,0.25,0.25,0.2499999850988388
40,1,32,0.25,0.0,1.1945446409811211e-08,0.25,0.25,0.2499999850988388
40,1,33,0.25,0.0,1.1945446409811211e-08,0.25,0.25,0.2499999850988388
40,1,34,0.25,0.0,1.1945446409811211e-08,0.25,0.25,0.2499999850988388
40,1,35,0.25,0.0,1.1945446409811211e-08,0.25,0.25,0.2499999850988388
40,1,36,0.25,0.0,1.1945446409811211e-08,0.25,0.25,0.2499999850988388
40,1,37,0.25,0.0,1.1945446409811211e-08,0.25,0.25,0.2499999850988388
40,1,38,0.25,0.0,1.1945446409811211e-08,0.25,0.25,0.2499999850988388
40,1,39,0.25,0.0,1.1945446409811211e-08,0.25,0.25,0.2499999850988388
40,1,40,0.25,0.0,1.1945446409811211e-08,0.25,0.25,0.2499999850988388
40,2,1,0.25,0.0,1.1945446409811211e-08,0.25,0.25,0.2499999850988388
40,2,2,0.25,0.0,1.1945446409811211e-08,0.25,0.25,0.2499999850988388
40,2,3,0.25,0.0,1.1945446409811211e-08,0.25,0.25,0.2499999850988388
40,2,4,0.25,0.0,1.1945446409811211e-08,0.25,0.25,0.2499999850988388
40,2,5,0.25,0.0,1.1945446409811211e-08,0.25,0.25,0.2499999850988388
40,2,6,0.25,0.0,1.1945446409811211e-08,0.25,0.25,0.2499999850988388
40,2,7,0.25,0.0,1.1945446409811211e-08,0.25,0.25,0.2499999850988388
40,2,8,0.25,0.0,1.1945446409811211e-08,0.25,0.25,0.2499999850988388
40,2,9,0.25,0.0,1.1945446409811211e-08,0.25,0.25,0.2499999850988388
40,2,10,0.25,0.0,1.1945446409811211e-08,0.25,0.25,0.2499999850988388
40,2,11,0.25,0.0,1.1945446409811211e-08,0.25,0.25,0.2499999850988388
40,2,12,0.25,0.0,1.1945446409811211e-08,0.25,0.25,0.2499999850988388
40,2,13,0.25,0.0,1.1945446409811211e-08,0.25,0.25,0.2499999850988388
40,2,14,0.25,0.0,1.1945446409811211e-08,0.25,0.25,0.2499999850988388
40,2,15,0.25,0.0,1.1945446409811211e-08,0.25,0.25,0.2499999850988388
40,2,16,0.25,0.0,1.1945446409811211e-08,0.25,0.25,0.2499999850988388
40,2,17,0.25,0.0,1.1945446409811211e-08,0.25,0.25,0.2499999850988388
40,2,18,0.25,0.0,1.1945446409811211e-08,0.25,0.25,0.2499999850988388
40,2,19,0.25,0.0,1.1945446409811211e-08,0.25,0.25,0.2499999850988388
40,2,20,0.25,0.0,1.1945446409811211e-08,0.25,0.25,0.2499999850988388
40,2,21,0.25,0.0,1.8335272189418106e-10,0.25,0.25,0.25
40,2,22,0.25,0.0,1.8335272189418106e-10,0.25,0.25,0.25
40,2,23,0.25,0.0,1.8335272189418106e-10,0.25,0.25,0.25
40,2,24,0.25,0.0,1.8335272189418106e-10,0.25,0.25,0.25
40,2,25,0.25,0.0,1.8335272189418106e-10,0.25,0.25,0.25
40,2,26,0.25,0.0,1.8335272189418106e-10,0.25,0.25,0.25
40,2,27,0.25,0.0,1.8335272189418106e-10,0.25,0.25,0.25
40,2,28,0.25,0.0,1.8335272189418106e-10,0.25,0.25,0.25
40,2,29,0.25,0.0,1.8335272189418106e-10,0.25,0.25,0.25
40,2,30,0.25,0.0,1.8335272189418106e-10,0.25,0.25,0.25
40,2,31,0.25,0.0,1.8335272189418106e-10,0.25,0.25,0.25
40,2,32,0.25,0.0,1.8335272189418106e-10,0.25,0.25,0.25
40,2,33,0.25,0.0,1.8335272189418106e-10,0.25,0.25,0.25
40,2,34,0.25,0.0,1.8335272189418106e-10,0.25,0.25,0.25
40,2,35,0.25,0.0,1.8335272189418106e-10,0.25,0.25,0.25
40,2,36,0.25,0.0,1.8335272189418106e-10,0.25,0.25,0.25
40,2,37,0.25,0.0,1.8335272189418106e-10,0.25,0.25,0.25
40,2,38,0.25,0.0,1.8335272189418106e-10,0.25,0.25,0.25
40,2,39,0.25,0.0,1.8335272189418106e-10,0.25,0.25,0.25
40,2,40,0.25,0.0,1.8335272189418106e-10,0.25,0.25,0.25
45,1,1,9.389107546997622e-11,1.9168755124865378e-12,0.25,0.25,0.25,0.25
45,1,2,9.389107546997622e-11,1.9168755124865378e-12,0.25,0.25,0.25,0.25
45,1,3,9.389107546997622e-11,1.9168755124865378e-12,0.25,0.25,0.25,0.25
45,1,4,9.389107546997622e-11,1.9168755124865378e-12,0.25,0.25,0.25,0.25
45,1,5,9.389107546997622e-11,1.9168755124865378e-12,0.25,0.25,0.25,0.25
45,1,6,9.389107546997622e-11,1.9168755124865378e-12,0.25,0.25,0.25,0.25
45,1,7,9.389107546997622e-11,1.9168755124865378e-12,0.25,0.25,0.25,0.25
45,1,8,9.389107546997622e-11,1.9168755124865378e-12,0.25,0.25,0.25,0.25
45,1,9,9.389107546997622e-11,1.9168755124865378e-12,0.25,0.25,0.25,0.25
45,1,10,9.389107546997622e-11,1.9168755124865378e-12,0.25,0.25,0.25,0.25
45,1,11,9.389107546997622e-11,1.9168755124865378e-12,0.25,0.25,0.25,0.25
45,1,12,9.389107546997622e-11,1.9168755124865378e-12,0.25,0.25,0.25,0.25
45,1,13,9.389107546997622e-11,1.9168755124865378e-12,0.25,0.25,0.25,0.25
45,1,14,9.389107546997622e-11,1.9168755124865378e-12,0.25,0.25,0.25,0.25
45,1,15,9.389107546997622e-11,1.9168755124865378e-12,0.25,0.25,0.25,0.25
45,1,16,9.389107546997622e-11,1.9168755124865378e-12,0.25,0.25,0.25,0.25
45,1,17,9.389107546997622e-11,1.9168755124865378e-12,0.25,0.25,0.25,0.25
45,1,18,9.389107546997622e-11,1.9168755124865378e-12,0.25,0.25,0.25,0.25
45,1,19,9.389107546997622e-11,1.9168755124865378e-12,0.25,0.25,0.25,0.25
45,1,20,9.389107546997622e-11,1.9168755124865378e-12,0.25,0.25,0.25,0.25
45,1,21,9.389107546997622e-11,1.9168755124865378e-12,0.25,0.25,0.25,0.25
45,1,22,9.389107546997622e-11,1.9168755124865378e-12,0.25,0.25,0.25,0.25
45,1,23,9.389107546997622e-11,1.9168755124865378e-12,0.25,0.25,0.25,0.25
45,1,24,9.389107546997622e-11,1.9168755124865378e-12,0.25,0.25,0.25,0.25
45,1,25,9.389107546997622e-11,1.9168755124865378e-12,0.25,0.25,0.25,0.25
45,1,26,9.389107546997622e-11,1.9168755124865378e-12,0.25,0.25,0.25,0.25
45,1,27,9.389107546997622e-11,1.9168755124865378e-12,0.25,0.25,0.25,0.25
45,1,28,9.389107546997622e-11,1.9168755124865378e-12,0.25,0.25,0.25,0.25
45,1,29,9.389107546997622e-11,1.9168755124865378e-12,0.25,0.25,0.25,0.25
45,1,30,9.389107546997622e-11,1.9168755124865378e-12,0.25,0.25,0.25,0.25
45,1,31,9.389107546997622e-11,1.9168755124865378e-12,0.25,0.25,0.25,0.25
45,1,32,9.389107546997622e-11,1.9168755124865378e-12,0.25,0.25,0.25,0.25
45,1,33,9.389107546997622e-11,1.9168755124865378e-12,0.25,0.25,0.25,0.25
45,1,34,9.389107546997622e-11,1.9168755124865378e-12,0.25,0.25,0.25,0.25
45,1,35,9.389107546997622e-11,1.9168755124865378e-12,0.25,0.25,0.25,0.25
45,1,36,9.389107546997622e-11,1.9168755124865378e-12,0.25,0.25,0.25,0.25
45,1,37,9.389107546997622e-11,1.9168755124865378e-12,0.25,0.25,0.25,0.25
45,1,38,9.389107546997622e-11,1.9168755124865378e-12,0.25,0.25,0.25,0.25
45,1,39,9.389107546997622e-11,1.9168755124865378e-12,0.25,0.25,0.25,0.25
45,1,40,9.389107546997622e-11,1.9168755124865378e-12,0.25,0.25,0.25,0.25
45,2,1,9.389107546997622e-11,1.9168755124865378e-12,0.25,0.25,0.25,0.25
45,2,2,9.389107546997622e-11,1.9168755124865378e-12,0.25,0.25,0.25,0.25
45,2,3,9.389107546997622e-11,1.9168755124865378e-12,0.25,0.25,0.25,0.25
45,2,4,9.389107546997622e-11,1.9168755124865378e-12,0.25,0.25,0.25,0.25
45,2,5,9.389107546997622e-11,1.9168755124865378e-12,0.25,0.25,0.25,0.25
45,2,6,9.389107546997622e-11,1.9168755124865378e-12,0.25,0.25,0.25,0.25
45,2,7,9.389107546997622e-11,1.9168755124865378e-12,0.25,0.25,0.25,0.25
45,2,8,9.389107546997622e-11,1.9168755124865378e-12,0.25,0.25,0.25,0.25
45,2,9,9.389107546997622e-11,1.9168755124865378e-12,0.25,0.25,0.25,0.25
45,2,10,9.389107546997622e-11,1.9168755124865378e-12,0.25,0.25,0.25,0.25
45,2,11,9.389107546997622e-11,1.9168755124865378e-12,0.25,0.25,0.25,0.25
45,2,12,9.389107546997622e-11,1.9168755124865378e-12,0.25,0.25,0.25,0.25
45,2,13,9.389107546997622e-11,1.9168755124865378e-12,0.25,0.25,0.25,0.25
45,2,14,9.389107546997622e-11,1.9168755124865378e-12,0.25,0.25,0.25,0.25
45,2,15,9.389107546997622e-11,1.9168755124865378e-12,0.25,0.25,0.25,0.25
45,2,16,9.389107546997622e-11,1.9168755124865378e-12,0.25,0.25,0.25,0.25
45,2,17,9.389107546997622e-11,1.9168755124865378e-12,0.25,0.25,0.25,0.25
45,2,18,9.389107546997622e-11,1.9168755124865378e-12,0.25,0.25,0.25,0.25
45,2,19,9.389107546997622e-11,1.9168755124865378e-12,0.25,0.25,0.25,0.25
45,2,20,9.389107546997622e-11,1.9168755124865378e-12,0.25,0.25,0.25,0.25
45,2,21,7.991842604360144e-11,1.9425255674832e-12,0.25,0.25,0.25,0.25
45,2,22,7.991842604360144e-11,1.9425255674832e-12,0.25,0.25,0.25,0.25
45,2,23,7.991842604360144e-11,1.9425255674832e-12,0.25,0.25,0.25,0.25
45,2,24,7.991842604360144e-11,1.9425255674832e-12,0.25,0.25,0.25,0.25
45,2,25,7.991842604360144e-11,1.9425255674832e-12,0.25,0.25,0.25,0.25
45,2,26,7.991842604360144e-11,1.9425255674832e-12,0.25,0.25,0.25,0.25
45,2,27,7.991842604360144e-11,1.9425255674832e-12,0.25,0.25,0.25,0.25
45,2,28,7.991842604360144e-11,1.9425255674832e-12,0.25,0.25,0.25,0.25
45,2,29,7.991842604360144e-11,1.9425255674832e-12,0.25,0.25,0.25,0.25
45,2,30,7.991842604360144e-11,1.9425255674832e-12,0.25,0.25,0.25,0.25
45,2,31,7.991842604360144e-11,1.9425255674832e-12,0.25,0.25,0.25,0.25
45,2,32,7.991842604360144e-11,1.9425255674832e-12,0.25,0.25,0.25,0.25
45,2,33,7.991842604360144e-11,1.9425255674832e-12,0.25,0.25,0.25,0.25
45,2,34,7.991842604360144e-11,1.9425255674832e-12,0.25,0.25,0.25,0.25
45,2,35,7.991842604360144e-11,1.9425255674832e-12,0.25,0.25,0.25,0.25
45,2,36,7.991842604360144e-11,1.9425255674832e-12,0.25,0.25,0.25,0.25
45,2,37,7.991842604360144e-11,1.9425255674832e-12,0.25,0.25,0.25,0.25
45,2,38,7.991842604360144e-11,1.9425255674832e-12,0.25,0.25,0.25,0.25
45,2,39,7.991842604360144e-11,1.9425255674832e-12,0.25,0.25,0.25,0.25
45,2,40,7.991842604360144e-11,1.9425255674832e-12,0.25,0.25,0.25,0.25
50,1,1,0.12532879412174225,0.0,0.12467119842767715,0.25,0.25,0.25
50,1,2,0.12532879412174225,0.0,0.12467119842767715,0.25,0.25,0.25
50,1,3,0.12532879412174225,0.0,0.12467119842767715,0.25,0.25,0.25
50,1,4,0.12532879412174225,0.0,0.12467119842767715,0.25,0.25,0.25
50,1,5,0.12532879412174225,0.0,0.12467119842767715,0.25,0.25,0.25
50,1,6,0.12532879412174225,0.0,0.12467119842767715,0.25,0.25,0.25
50,1,7,0.12532879412174225,0.0,0.12467119842767715,0.25,0.25,0.25
50,1,8,0.12532879412174225,0.0,0.12467119842767715,0.25,0.25,0.25
50,1,9,0.12532879412174225,0.0,0.12467119842767715,0.25,0.25,0.25
50,1,10,0.12532879412174225,0.0,0.12467119842767715,0.25,0.25,0.25
50,1,11,0.12532879412174225,0.0,0.12467119842767715,0.25,0.25,0.25
50,1,12,0.12532879412174225,0.0,0.12467119842767715,0.25,0.25,0.25
50,1,13,0.12532879412174225,0.0,0.12467119842767715,0.25,0.25,0.25
50,1,14,0.12532879412174225,0.0,0.12467119842767715,0.25,0.25,0.25
50,1,15,0.12532879412174225,0.0,0.12467119842767715,0.25,0.25,0.25
50,1,16,0.12532879412174225,0.0,0.12467119842767715,0.25,0.25,0.25
50,1,17,0.12532879412174225,0.0,0.12467119842767715,0.25,0.25,0.25
50,1,18,0.12532879412174225,0.0,0.12467119842767715,0.25,0.25,0.25
50,1,19,0.12532879412174225,0.0,0.12467119842767715,0.25,0.25,0.25
50,1,20,0.12532879412174225,0.0,0.12467119842767715,0.25,0.25,0.25
50,1,21,0.12532879412174225,0.0,0.12467119842767715,0.25,0.25,0.25
50,1,22,0.12532879412174225,0.0,0.12467119842767715,0.25,0.25,0.25
50,1,23,0.12532879412174225,0.0,0.12467119842767715,0.25,0.25,0.25
50,1,24,0.12532879412174225,0.0,0.12467119842767715,0.25,0.25,0.25
50,1,25,0.12532879412174225,0.0,0.12467119842767715,0.25,0.25,0.25
50,1,26,0.12532879412174225,0.0,0.12467119842767715,0.25,0.25,0.25
50,1,27,0.12532879412174225,0.0,0.12467119842767715,0.25,0.25,0.25
50,1,28,0.12532879412174225,0.0,0.12467119842767715,0.25,0.25,0.25
50,1,29,0.12532879412174225,0.0,0.12467119842767715,0.25,0.25,0.25
50,1,30,0.12532879412174225,0.0,0.12467119842767715,0.25,0.25,0.25
50,1,31,0.12532879412174225,0.0,0.12467119842767715,0.25,0.25,0.25
50,1,32,0.12532879412174225,0.0,0.12467119842767715,0.25,0.25,0.25
50,1,33,0.12532879412174225,0.0,0.12467119842767715,0.25,0.25,0.25
50,1,34,0.12532879412174225,0.0,0.12467119842767715,0.25,0.25,0.25
50,1,35,0.12532879412174225,0.0,0.12467119842767715,0.25,0.25,0.25
50,1,36,0.12532879412174225,0.0,0.12467119842767715,0.25,0.25,0.25
50,1,37,0.12532879412174225,0.0,0.12467119842767715,0.25,0.25,0.25
50,1,38,0.12532879412174225,0.0,0.12467119842767715,0.25,0.25,0.25
50,1,39,0.12532879412174225,0.0,0.12467119842767715,0.25,0.25,0.25
50,1,40,0.12532879412174225,0.0,0.12467119842767715,0.25,0.25,0.25
50,2,1,0.12532879412174225,0.0,0.12467119842767715,0.25,0.25,0.25
50,2,2,0.12532879412174225,0.0,0.12467119842767715,0.25,0.25,0.25
50,2,3,0.12532879412174225,0.0,0.12467119842767715,0.25,0.25,0.25
50,2,4,0.12532879412174225,0.0,0.12467119842767715,0.25,0.25,0.25
50,2,5,0.12532879412174225,0.0,0.12467119842767715,0.25,0.25,0.25
50,2,6,0.12532879412174225,0.0,0.12467119842767715,0.25,0.25,0.25
50,2,7,0.12532879412174225,0.0,0.12467119842767715,0.25,0.25,0.25
50,2,8,0.12532879412174225,0.0,0.12467119842767715,0.25,0.25,0.25
50,2,9,0.12532879412174225,0.0,0.12467119842767715,0.25,0.25,0.25
50,2,10,0.12532879412174225,0.0,0.12467119842767715,0.25,0.25,0.25
50,2,11,0.12532879412174225,0.0,0.12467119842767715,0.25,0.25,0.25
50,2,12,0.12532879412174225,0.0,0.12467119842767715,0.25,0.25,0.25
50,2,13,0.12532879412174225,0.0,0.12467119842767715,0.25,0.25,0.25
50,2,14,0.12532879412174225,0.0,0.12467119842767715,0.25,0.25,0.25
50,2,15,0.12532879412174225,0.0,0.12467119842767715,0.25,0.25,0.25
50,2,16,0.12532879412174225,0.0,0.12467119842767715,0.25,0.25,0.25
50,2,17,0.12532879412174225,0.0,0.12467119842767715,0.25,0.25,0.25
50,2,18,0.12532879412174225,0.0,0.12467119842767715,0.25,0.25,0.25
50,2,19,0.12532879412174225,0.0,0.12467119842767715,0.25,0.25,0.25
50,2,20,0.12532879412174225,0.0,0.12467119842767715,0.25,0.25,0.25
50,2,21,0.15804430842399597,0.0,0.09195568412542343,0.25,0.25,0.25
50,2,22,0.15804430842399597,0.0,0.09195568412542343,0.25,0.25,0.25
50,2,23,0.15804430842399597,0.0,0.09195568412542343,0.25,0.25,0.25
50,2,24,0.15804430842399597,0.0,0.09195568412542343,0.25,0.25,0.25
50,2,25,0.15804430842399597,0.0,0.09195568412542343,0.25,0.25,0.25
50,2,26,0.15804430842399597,0.0,0.09195568412542343,0.25,0.25,0.25
50,2,27,0.15804430842399597,0.0,0.09195568412542343,0.25,0.25,0.25
50,2,28,0.15804430842399597,0.0,0.09195568412542343,0.25,0.25,0.25
50,2,29,0.15804430842399597,0.0,0.09195568412542343,0.25,0.25,0.25
50,2,30,0.15804430842399597,0.0,0.09195568412542343,0.25,0.25,0.25
50,2,31,0.15804430842399597,0.0,0.09195568412542343,0.25,0.25,0.25
50,2,32,0.15804430842399597,0.0,0.09195568412542343,0.25,0.25,0.25
50,2,33,0.15804430842399597,0.0,0.09195568412542343,0.25,0.25,0.25
50,2,34,0.15804430842399597,0.0,0.09195568412542343,0.25,0.25,0.25
50,2,35,0.15804430842399597,0.0,0.09195568412542343,0.25,0.25,0.25
50,2,36,0.15804430842399597,0.0,0.09195568412542343,0.25,0.25,0.25
50,2,37,0.15804430842399597,0.0,0.09195568412542343,0.25,0.25,0.25
50,2,38,0.15804430842399597,0.0,0.09195568412542343,0.25,0.25,0.25
50,2,39,0.15804430842399597,0.0,0.09195568412542343,0.25,0.25,0.25
50,2,40,0.15804430842399597,0.0,0.09195568412542343,0.25,0.25,0.25
55,1,1,0.25,6.5367837011331975e-12,2.732436221730694e-10,0.25,0.25,0.25
55,1,2,0.25,6.5367837011331975e-12,2.732436221730694e-10,0.25,0.25,0.25
55,1,3,0.25,6.5367837011331975e-12,2.732436221730694e-10,0.25,0.25,0.25
55,1,4,0.25,6.5367837011331975e-12,2.732436221730694e-10,0.25,0.25,0.25
55,1,5,0.25,6.5367837011331975e-12,2.732436221730694e-10,0.25,0.25,0.25
55,1,6,0.25,6.5367837011331975e-12,2.732436221730694e-10,0.25,0.25,0.25
55,1,7,0.25,6.5367837011331975e-12,2.732436221730694e-10,0.25,0.25,0.25
55,1,8,0.25,6.5367837011331975e-12,2.732436221730694e-10,0.25,0.25,0.25
55,1,9,0.25,6.5367837011331975e-12,2.732436221730694e-10,0.25,0.25,0.25
55,1,10,0.25,6.5367837011331975e-12,2.732436221730694e-10,0.25,0.25,0.25
55,1,11,0.25,6.5367837011331975e-12,2.732436221730694e-10,0.25,0.25,0.25
55,1,12,0.25,6.5367837011331975e-12,2.732436221730694e-10,0.25,0.25,0.25
55,1,13,0.25,6.5367837011331975e-12,2.732436221730694e-10,0.25,0.25,0.25
55,1,14,0.25,6.5367837011331975e-12,2.732436221730694e-10,0.25,0.25,0.25
55,1,15,0.25,6.5367837011331975e-12,2.732436221730694e-10,0.25,0.25,0.25
55,1,16,0.25,6.5367837011331975e-12,2.732436221730694e-10,0.25,0.25,0.25
55,1,17,0.25,6.5367837011331975e-12,2.732436221730694e-10,0.25,0.25,0.25
55,1,18,0.25,6.5367837011331975e-12,2.732436221730694e-10,0.25,0.25,0.25
55,1,19,0.25,6.5367837011331975e-12,2.732436221730694e-10,0.25,0.25,0.25
55,1,20,0.25,6.5367837011331975e-12,2.732436221730694e-10,0.25,0.25,0.25
55,1,21,0.25,6.5367837011331975e-12,2.732436221730694e-10,0.25,0.25,0.25
55,1,22,0.25,6.5367837011331975e-12,2.732436221730694e-10,0.25,0.25,0.25
55,1,23,0.25,6.5367837011331975e-12,2.732436221730694e-10,0.25,0.25,0.25
55,1,24,0.25,6.5367837011331975e-12,2.732436221730694e-10,0.25,0.25,0.25
55,1,25,0.25,6.5367837011331975e-12,2.732436221730694e-10,0.25,0.25,0.25
55,1,26,0.25,6.5367837011331975e-12,2.732436221730694e-10,0.25,0.25,0.25
55,1,27,0.25,6.5367837011331975e-12,2.732436221730694e-10,0.25,0.25,0.25
55,1,28,0.25,6.5367837011331975e-12,2.732436221730694e-10,0.25,0.25,0.25
55,1,29,0.25,6.5367837011331975e-12,2.732436221730694e-10,0.25,0.25,0.25
55,1,30,0.25,6.5367837011331975e-12,2.732436221730694e-10,0.25,0.25,0.25
55,1,31,0.25,6.5367837011331975e-12,2.732436221730694e-10,0.25,0.25,0.25
55,1,32,0.25,6.5367837011331975e-12,2.732436221730694e-10,0.25,0.25,0.25
55,1,33,0.25,6.5367837011331975e-12,2.732436221730694e-10,0.25,0.25,0.25
55,1,34,0.25,6.5367837011331975e-12,2.732436221730694e-10,0.25,0.25,0.25
55,1,35,0.25,6.5367837011331975e-12,2.732436221730694e-10,0.25,0.25,0.25
55,1,36,0.25,6.5367837011331975e-12,2.732436221730694e-10,0.25,0.25,0.25
55,1,37,0.25,6.5367837011331975e-12,2.732436221730694e-10,0.25,0.25,0.25
55,1,38,0.25,6.5367837011331975e-12,2.732436221730694e-10,0.25,0.25,0.25
55,1,39,0.25,6.5367837011331975e-12,2.732436221730694e-10,0.25,0.25,0.25
55,1,40,0.25,6.5367837011331975e-12,2.732436221730694e-10,0.25,0.25,0.25
55,2,1,0.25,6.5367837011331975e-12,2.732436221730694e-10,0.25,0.25,0.25
55,2,2,0.25,6.5367837011331975e-12,2.732436221730694e-10,0.25,0.25,0.25
55,2,3,0.25,6.5367837011331975e-12,2.732436221730694e-10,0.25,0.25,0.25
55,2,4,0.25,6.5367837011331975e-12,2.732436221730694e-10,0.25,0.25,0.25
55,2,5,0.25,6.5367837011331975e-12,2.732436221730694e-10,0.25,0.25,0.25
55,2,6,0.25,6.5367837011331975e-12,2.732436221730694e-10,0.25,0.25,0.25
55,2,7,0.25,6.5367837011331975e-12,2.732436221730694e-10,0.25,0.25,0.25
55,2,8,0.25,6.5367837011331975e-12,2.732436221730694e-10,0.25,0.25,0.25
55,2,9,0.25,6.5367837011331975e-12,2.732436221730694e-10,0.25,0.25,0.25
55,2,10,0.25,6.5367837011331975e-12,2.732436221730694e-10,0.25,0.25,0.25
55,2,11,0.25,6.5367837011331975e-12,2.732436221730694e-10,0.25,0.25,0.25
55,2,12,0.25,6.5367837011331975e-12,2.732436221730694e-10,0.25,0.25,0.25
55,2,13,0.25,6.5367837011331975e-12,2.732436221730694e-10,0.25,0.25,0.25
55,2,14,0.25,6.5367837011331975e-12,2.732436221730694e-10,0.25,0.25,0.25
55,2,15,0.25,6.5367837011331975e-12,2.732436221730694e-10,0.25,0.25,0.25
55,2,16,0.25,6.5367837011331975e-12,2.732436221730694e-10,0.25,0.25,0.25
55,2,17,0.25,6.5367837011331975e-12,2.732436221730694e-10,0.25,0.25,0.25
55,2,18,0.25,6.5367837011331975e-12,2.732436221730694e-10,0.25,0.25,0.25
55,2,19,0.25,6.5367837011331975e-12,2.732436221730694e-10,0.25,0.25,0.25
55,2,20,0.25,6.5367837011331975e-12,2.732436221730694e-10,0.25,0.25,0.25
55,2,21,0.25,1.0716602084903659e-11,3.11098563576806e-10,0.25,0.25,0.25
55,2,22,0.25,1.0716602084903659e-11,3.11098563576806e-10,0.25,0.25,0.25
55,2,23,0.25,1.0716602084903659e-11,3.11098563576806e-10,0.25,0.25,0.25
55,2,24,0.25,1.0716602084903659e-11,3.11098563576806e-10,0.25,0.25,0.25
55,2,25,0.25,1.0716602084903659e-11,3.11098563576806e-10,0.25,0.25,0.25
55,2,26,0.25,1.0716602084903659e-11,3.11098563576806e-10,0.25,0.25,0.25
55,2,27,0.25,1.0716602084903659e-11,3.11098563576806e-10,0.25,0.25,0.25
55,2,28,0.25,1.0716602084903659e-11,3.11098563576806e-10,0.25,0.25,0.25
55,2,29,0.25,1.0716602084903659e-11,3.11098563576806e-10,0.25,0.25,0.25
55,2,30,0.25,1.0716602084903659e-11,3.11098563576806e-10,0.25,0.25,0.25
55,2,31,0.25,1.0716602084903659e-11,3.11098563576806e-10,0.25,0.25,0.25
55,2,32,0.25,1.0716602084903659e-11,3.11098563576806e-10,0.25,0.25,0.25
55,2,33,0.25,1.0716602084903659e-11,3.11098563576806e-10,0.25,0.25,0.25
55,2,34,0.25,1.0716602084903659e-11,3.11098563576806e-10,0.25,0.25,0.25
55,2,35,0.25,1.0716602084903659e-11,3.11098563576806e-10,0.25,0.25,0.25
55,2,36,0.25,1.0716602084903659e-11,3.11098563576806e-10,0.25,0.25,0.25
55,2,37,0.25,1.0716602084903659e-11,3.11098563576806e-10,0.25,0.25,0.25
55,2,38,0.25,1.0716602084903659e-11,3.11098563576806e-10,0.25,0.25,0.25
55,2,39,0.25,1.0716602084903659e-11,3.11098563576806e-10,0.25,0.25,0.25
55,2,40,0.25,1.0716602084903659e-11,3.11098563576806e-10,0.25,0.25,0.25
60,1,1,0.25,3.5101407891424685e-11,5.418807069723641e-10,0.25,0.25,0.25
60,1,2,0.25,3.5101407891424685e-11,5.418807069723641e-10,0.25,0.25,0.25
60,1,3,0.25,3.5101407891424685e-11,5.418807069723641e-10,0.25,0.25,0.25
60,1,4,0.25,3.5101407891424685e-11,5.418807069723641e-10,0.25,0.25,0.25
60,1,5,0.25,3.5101407891424685e-11,5.418807069723641e-10,0.25,0.25,0.25
60,1,6,0.25,3.5101407891424685e-11,5.418807069723641e-10,0.25,0.25,0.25
60,1,7,0.25,3.5101407891424685e-11,5.418807069723641e-10,0.25,0.25,0.25
60,1,8,0.25,3.5101407891424685e-11,5.418807069723641e-10,0.25,0.25,0.25
60,1,9,0.25,3.5101407891424685e-11,5.418807069723641e-10,0.25,0.25,0.25
60,1,10,0.25,3.5101407891424685e-11,5.418807069723641e-10,0.25,0.25,0.25
60,1,11,0.25,3.5101407891424685e-11,5.418807069723641e-10,0.25,0.25,0.25
60,1,12,0.25,3.5101407891424685e-11,5.418807069723641e-10,0.25,0.25,0.25
60,1,13,0.25,3.5101407891424685e-11,5.418807069723641e-10,0.25,0.25,0.25
60,1,14,0.25,3.5101407891424685e-11,5.418807069723641e-10,0.25,0.25,0.25
60,1,15,0.25,3.5101407891424685e-11,5.418807069723641e-10,0.25,0.25,0.25
60,1,16,0.25,3.5101407891424685e-11,5.418807069723641e-10,0.25,0.25,0.25
60,1,17,0.25,3.5101407891424685e-11,5.418807069723641e-10,0.25,0.25,0.25
60,1,18,0.25,3.5101407891424685e-11,5.418807069723641e-10,0.25,0.25,0.25
60,1,19,0.25,3.5101407891424685e-11,5.418807069723641e-10,0.25,0.25,0.25
60,1,20,0.25,3.5101407891424685e-11,5.418807069723641e-10,0.25,0.25,0.25
60,1,21,0.25,3.5101407891424685e-11,5.418807069723641e-10,0.25,0.25,0.25
60,1,22,0.25,3.5101407891424685e-11,5.418807069723641e-10,0.25,0.25,0.25
60,1,23,0.25,3.5101407891424685e-11,5.418807069723641e-10,0.25,0.25,0.25
60,1,24,0.25,3.5101407891424685e-11,5.418807069723641e-10,0.25,0.25,0.25
60,1,25,0.25,3.5101407891424685e-11,5.418807069723641e-10,0.25,0.25,0.25
60,1,26,0.25,3.5101407891424685e-11,5.418807069723641e-10,0.25,0.25,0.25
60,1,27,0.25,3.5101407891424685e-11,5.418807069723641e-10,0.25,0.25,0.25
60,1,28,0.25,3.5101407891424685e-11,5.418807069723641e-10,0.25,0.25,0.25
60,1,29,0.25,3.5101407891424685e-11,5.418807069723641e-10,0.25,0.25,0.25
60,1,30,0.25,3.5101407891424685e-11,5.418807069723641e-10,0.25,0.25,0.25
60,1,31,0.25,3.5101407891424685e-11,5.418807069723641e-10,0.25,0.25,0.25
60,1,32,0.25,3.5101407891424685e-11,5.418807069723641e-10,0.25,0.25,0.25
60,1,33,0.25,3.5101407891424685e-11,5.418807069723641e-10,0.25,0.25,0.25
60,1,34,0.25,3.5101407891424685e-11,5.418807069723641e-10,0.25,0.25,0.25
60,1,35,0.25,3.5101407891424685e-11,5.418807069723641e-10,0.25,0.25,0.25
60,1,36,0.25,3.5101407891424685e-11,5.418807069723641e-10,0.25,0.25,0.25
60,1,37,0.25,3.5101407891424685e-11,5.418807069723641e-10,0.25,0.25,0.25
60,1,38,0.25,3.5101407891424685e-11,5.418807069723641e-10,0.25,0.25,0.25
60,1,39,0.25,3.5101407891424685e-11,5.418807069723641e-10,0.25,0.25,0.25
60,1,40,0.25,3.5101407891424685e-11,5.418807069723641e-10,0.25,0.25,0.25
60,2,1,0.25,3.5101407891424685e-11,5.418807069723641e-10,0.25,0.25,0.25
60,2,2,0.25,3.5101407891424685e-11,5.418807069723641e-10,0.25,0.25,0.25
60,2,3,0.25,3.5101407891424685e-11,5.418807069723641e-10,0.25,0.25,0.25
60,2,4,0.25,3.5101407891424685e-11,5.418807069723641e-10,0.25,0.25,0.25
60,2,5,0.25,3.5101407891424685e-11,5.418807069723641e-10,0.25,0.25,0.25
60,2,6,0.25,3.5101407891424685e-11,5.418807069723641e-10,0.25,0.25,0.25
60,2,7,0.25,3.5101407891424685e-11,5.418807069723641e-10,0.25,0.25,0.25
60,2,8,0.25,3.5101407891424685e-11,5.418807069723641e-10,0.25,0.25,0.25
60,2,9,0.25,3.5101407891424685e-11,5.418807069723641e-10,0.25,0.25,0.25
60,2,10,0.25,3.5101407891424685e-11,5.418807069723641e-10,0.25,0.25,0.25
60,2,11,0.25,3.5101407891424685e-11,5.418807069723641e-10,0.25,0.25,0.25
60,2,12,0.25,3.5101407891424685e-11,5.418807069723641e-10,0.25,0.25,0.25
60,2,13,0.25,3.5101407891424685e-11,5.418807069723641e-10,0.25,0.25,0.25
60,2,14,0.25,3.5101407891424685e-11,5.418807069723641e-10,0.25,0.25,0.25
60,2,15,0.25,3.5101407891424685e-11,5.418807069723641e-10,0.25,0.25,0.25
60,2,16,0.25,3.5101407891424685e-11,5.418807069723641e-10,0.25,0.25,0.25
60,2,17,0.25,3.5101407891424685e-11,5.418807069723641e-10,0.25,0.25,0.25
60,2,18,0.25,3.5101407891424685e-11,5.418807069723641e-10,0.25,0.25,0.25
60,2,19,0.25,3.5101407891424685e-11,5.418807069723641e-10,0.25,0.25,0.25
60,2,20,0.25,3.5101407891424685e-11,5.418807069723641e-10,0.25,0.25,0.25
60,2,21,0.25,5.794425269461945e-12,6.04795657999091e-11,0.25,0.25,0.25
60,2,22,0.25,5.794425269461945e-12,6.04795657999091e-11,0.25,0.25,0.25
60,2,23,0.25,5.794425269461945e-12,6.04795657999091e-11,0.25,0.25,0.25
60,2,24,0.25,5.794425269461945e-12,6.04795657999091e-11,0.25,0.25,0.25
60,2,25,0.25,5.794425269461945e-12,6.04795657999091e-11,0.25,0.25,0.25
60,2,26,0.25,5.794425269461945e-12,6.04795657999091e-11,0.25,0.25,0.25
60,2,27,0.25,5.794425269461945e-12,6.04795657999091e-11,0.25,0.25,0.25
60,2,28,0.25,5.794425269461945e-12,6.04795657999091e-11,0.25,0.25,0.25
60,2,29,0.25,5.794425269461945e-12,6.04795657999091e-11,0.25,0.25,0.25
60,2,30,0.25,5.794425269461945e-12,6.04795657999091e-11,0.25,0.25,0.25
60,2,31,0.25,5.794425269461945e-12,6.04795657999091e-11,0.25,0.25,0.25
60,2,32,0.25,5.794425269461945e-12,6.04795657999091e-11,0.25,0.25,0.25
60,2,33,0.25,5.794425269461945e-12,6.04795657999091e-11,0.25,0.25,0.25
60,2,34,0.25,5.794425269461945e-12,6.04795657999091e-11,0.25,0.25,0.25
60,2,35,0.25,5.794425269461945e-12,6.04795657999091e-11,0.25,0.25,0.25
60,2,36,0.25,5.794425269461945e-12,6.04795657999091e-11,0.25,0.25,0.25
60,2,37,0.25,5.794425269461945e-12,6.04795657999091e-11,0.25,0.25,0.25
60,2,38,0.25,5.794425269461945e-12,6.04795657999091e-11,0.25,0.25,0.25
60,2,39,0.25,5.794425269461945e-12,6.04795657999091e-11,0.25,0.25,0.25
60,2,40,0.25,5.794425269461945e-12,6.04795657999091e-11,0.25,0.25,0.25
65,1,1,0.25,4.0785923249853084e-11,8.35468916271509e-11,0.25,0.25,0.25
65,1,2,0.25,4.0785923249853084e-11,8.35468916271509e-11,0.25,0.25,0.25
65,1,3,0.25,4.0785923249853084e-11,8.35468916271509e-11,0.25,0.25,0.25
65,1,4,0.25,4.0785923249853084e-11,8.35468916271509e-11,0.25,0.25,0.25
65,1,5,0.25,4.0785923249853084e-11,8.35468916271509e-11,0.25,0.25,0.25
65,1,6,0.25,4.0785923249853084e-11,8.35468916271509e-11,0.25,0.25,0.25
65,1,7,0.25,4.0785923249853084e-11,8.35468916271509e-11,0.25,0.25,0.25
65,1,8,0.25,4.0785923249853084e-11,8.35468916271509e-11,0.25,0.25,0.25
65,1,9,0.25,4.0785923249853084e-11,8.35468916271509e-11,0.25,0.25,0.25
65,1,10,0.25,4.0785923249853084e-11,8.35468916271509e-11,0.25,0.25,0.25
65,1,11,0.25,4.0785923249853084e-11,8.35468916271509e-11,0.25,0.25,0.25
65,1,12,0.25,4.0785923249853084e-11,8.35468916271509e-11,0.25,0.25,0.25
65,1,13,0.25,4.0785923249853084e-11,8.35468916271509e-11,0.25,0.25,0.25
65,1,14,0.25,4.0785923249853084e-11,8.35468916271509e-11,0.25,0.25,0.25
65,1,15,0.25,4.0785923249853084e-11,8.35468916271509e-11,0.25,0.25,0.25
65,1,16,0.25,4.0785923249853084e-11,8.35468916271509e-11,0.25,0.25,0.25
65,1,17,0.25,4.0785923249853084e-11,8.35468916271509e-11,0.25,0.25,0.25
65,1,18,0.25,4.0785923249853084e-11,8.35468916271509e-11,0.25,0.25,0.25
65,1,19,0.25,4.0785923249853084e-11,8.35468916271509e-11,0.25,0.25,0.25
65,1,20,0.25,4.0785923249853084e-11,8.35468916271509e-11,0.25,0.25,0.25
65,1,21,0.25,4.0785923249853084e-11,8.35468916271509e-11,0.25,0.25,0.25
65,1,22,0.25,4.0785923249853084e-11,8.35468916271509e-11,0.25,0.25,0.25
65,1,23,0.25,4.0785923249853084e-11,8.35468916271509e-11,0.25,0.25,0.25
65,1,24,0.25,4.0785923249853084e-11,8.35468916271509e-11,0.25,0.25,0.25
65,1,25,0.25,4.0785923249853084e-11,8.35468916271509e-11,0.25,0.25,0.25
65,1,26,0.25,4.0785923249853084e-11,8.35468916271509e-11,0.25,0.25,0.25
65,1,27,0.25,4.0785923249853084e-11,8.35468916271509e-11,0.25,0.25,0.25
65,1,28,0.25,4.0785923249853084e-11,8.35468916271509e-11,0.25,0.25,0.25
65,1,29,0.25,4.0785923249853084e-11,8.35468916271509e-11,0.25,0.25,0.25
65,1,30,0.25,4.0785923249853084e-11,8.35468916271509e-11,0.25,0.25,0.25
65,1,31,0.25,4.0785923249853084e-11,8.35468916271509e-11,0.25,0.25,0.25
65,1,32,0.25,4.0785923249853084e-11,8.35468916271509e-11,0.25,0.25,0.25
65,1,33,0.25,4.0785923249853084e-11,8.35468916271509e-11,0.25,0.25,0.25
65,1,34,0.25,4.0785923249853084e-11,8.35468916271509e-11,0.25,0.25,0.25
65,1,35,0.25,4.0785923249853084e-11,8.35468916271509e-11,0.25,0.25,0.25
65,1,36,0.25,4.0785923249853084e-11,8.35468916271509e-11,0.25,0.25,0.25
65,1,37,0.25,4.0785923249853084e-11,8.35468916271509e-11,0.25,0.25,0.25
65,1,38,0.25,4.0785923249853084e-11,8.35468916271509e-11,0.25,0.25,0.25
65,1,39,0.25,4.0785923249853084e-11,8.35468916271509e-11,0.25,0.25,0.25
65,1,40,0.25,4.0785923249853084e-11,8.35468916271509e-11,0.25,0.25,0.25
65,2,1,0.25,4.0785923249853084e-11,8.35468916271509e-11,0.25,0.25,0.25
65,2,2,0.25,4.0785923249853084e-11,8.35468916271509e-11,0.25,0.25,0.25
65,2,3,0.25,4.0785923249853084e-11,8.35468916271509e-11,0.25,0.25,0.25
65,2,4,0.25,4.0785923249853084e-11,8.35468916271509e-11,0.25,0.25,0.25
65,2,5,0.25,4.0785923249853084e-11,8.35468916271509e-11,0.25,0.25,0.25
65,2,6,0.25,4.0785923249853084e-11,8.35468916271509e-11,0.25,0.25,0.25
65,2,7,0.25,4.0785923249853084e-11,8.35468916271509e-11,0.25,0.25,0.25
65,2,8,0.25,4.0785923249853084e-11,8.35468916271509e-11,0.25,0.25,0.25
65,2,9,0.25,4.0785923249853084e-11,8.35468916271509e-11,0.25,0.25,0.25
65,2,10,0.25,4.0785923249853084e-11,8.35468916271509e-11,0.25,0.25,0.25
65,2,11,0.25,4.0785923249853084e-11,8.35468916271509e-11,0.25,0.25,0.25
65,2,12,0.25,4.0785923249853084e-11,8.35468916271509e-11,0.25,0.25,0.25
65,2,13,0.25,4.0785923249853084e-11,8.35468916271509e-11,0.25,0.25,0.25
65,2,14,0.25,4.0785923249853084e-11,8.35468916271509e-11,0.25,0.25,0.25
65,2,15,0.25,4.0785923249853084e-11,8.35468916271509e-11,0.25,0.25,0.25
65,2,16,0.25,4.0785923249853084e-11,8.35468916271509e-11,0.25,0.25,0.25
65,2,17,0.25,4.0785923249853084e-11,8.35468916271509e-11,0.25,0.25,0.25
65,2,18,0.25,4.0785923249853084e-11,8.35468916271509e-11,0.25,0.25,0.25
65,2,19,0.25,4.0785923249853084e-11,8.35468916271509e-11,0.25,0.25,0.25
65,2,20,0.25,4.0785923249853084e-11,8.35468916271509e-11,0.25,0.25,0.25
65,2,21,0.25,4.817500565135191e-12,5.921837239325489e-12,0.25,0.25,0.25
65,2,22,0.25,4.817500565135191e-12,5.921837239325489e-12,0.25,0.25,0.25
65,2,23,0.25,4.817500565135191e-12,5.921837239325489e-12,0.25,0.25,0.25
65,2,24,0.25,4.817500565135191e-12,5.921837239325489e-12,0.25,0.25,0.25
65,2,25,0.25,4.817500565135191e-12,5.921837239325489e-12,0.25,0.25,0.25
65,2,26,0.25,4.817500565135191e-12,5.921837239325489e-12,0.25,0.25,0.25
65,2,27,0.25,4.817500565135191e-12,5.921837239325489e-12,0.25,0.25,0.25
65,2,28,0.25,4.817500565135191e-12,5.921837239325489e-12,0.25,0.25,0.25
65,2,29,0.25,4.817500565135191e-12,5.921837239325489e-12,0.25,0.25,0.25
65,2,30,0.25,4.817500565135191e-12,5.921837239325489e-12,0.25,0.25,0.25
65,2,31,0.25,4.817500565135191e-12,5.921837239325489e-12,0.25,0.25,0.25
65,2,32,0.25,4.817500565135191e-12,5.921837239325489e-12,0.25,0.25,0.25
65,2,33,0.25,4.817500565135191e-12,5.921837239325489e-12,0.25,0.25,0.25
65,2,34,0.25,4.817500565135191e-12,5.921837239325489e-12,0.25,0.25,0.25
65,2,35,0.25,4.817500565135191e-12,5.921837239325489e-12,0.25,0.25,0.25
65,2,36,0.25,4.817500565135191e-12,5.921837239325489e-12,0.25,0.25,0.25
65,2,37,0.25,4.817500565135191e-12,5.921837239325489e-12,0.25,0.25,0.25
65,2,38,0.25,4.817500565135191e-12,5.921837239325489e-12,0.25,0.25,0.25
65,2,39,0.25,4.817500565135191e-12,5.921837239325489e-12,0.25,0.25,0.25
65,2,40,0.25,4.817500565135191e-12,5.921837239325489e-12,0.25,0.25,0.25
70,1,1,0.25,7.880206903676523e-11,1.2493637235877486e-09,0.25,0.25,0.25
70,1,2,0.25,7.880206903676523e-11,1.2493637235877486e-09,0.25,0.25,0.25
70,1,3,0.25,7.880206903676523e-11,1.2493637235877486e-09,0.25,0.25,0.25
70,1,4,0.25,7.880206903676523e-11,1.2493637235877486e-09,0.25,0.25,0.25
70,1,5,0.25,7.880206903676523e-11,1.2493637235877486e-09,0.25,0.25,0.25
70,1,6,0.25,7.880206903676523e-11,1.2493637235877486e-09,0.25,0.25,0.25
70,1,7,0.25,7.880206903676523e-11,1.2493637235877486e-09,0.25,0.25,0.25
70,1,8,0.25,7.880206903676523e-11,1.2493637235877486e-09,0.25,0.25,0.25
70,1,9,0.25,7.880206903676523e-11,1.2493637235877486e-09,0.25,0.25,0.25
70,1,10,0.25,7.880206903676523e-11,1.2493637235877486e-09,0.25,0.25,0.25
70,1,11,0.25,7.880206903676523e-11,1.2493637235877486e-09,0.25,0.25,0.25
70,1,12,0.25,7.880206903676523e-11,1.2493637235877486e-09,0.25,0.25,0.25
70,1,13,0.25,7.880206903676523e-11,1.2493637235877486e-09,0.25,0.25,0.25
70,1,14,0.25,7.880206903676523e-11,1.2493637235877486e-09,0.25,0.25,0.25
70,1,15,0.25,7.880206903676523e-11,1.2493637235877486e-09,0.25,0.25,0.25
70,1,16,0.25,7.880206903676523e-11,1.2493637235877486e-09,0.25,0.25,0.25
70,1,17,0.25,7.880206903676523e-11,1.2493637235877486e-09,0.25,0.25,0.25
70,1,18,0.25,7.880206903676523e-11,1.2493637235877486e-09,0.25,0.25,0.25
70,1,19,0.25,7.880206903676523e-11,1.2493637235877486e-09,0.25,0.25,0.25
70,1,20,0.25,7.880206903676523e-11,1.2493637235877486e-09,0.25,0.25,0.25
70,1,21,0.25,7.880206903676523e-11,1.2493637235877486e-09,0.25,0.25,0.25
70,1,22,0.25,7.880206903676523e-11,1.2493637235877486e-09,0.25,0.25,0.25
70,1,23,0.25,7.880206903676523e-11,1.2493637235877486e-09,0.25,0.25,0.25
70,1,24,0.25,7.880206903676523e-11,1.2493637235877486e-09,0.25,0.25,0.25
70,1,25,0.25,7.880206903676523e-11,1.2493637235877486e-09,0.25,0.25,0.25
70,1,26,0.25,7.880206903676523e-11,1.2493637235877486e-09,0.25,0.25,0.25
70,1,27,0.25,7.880206903676523e-11,1.2493637235877486e-09,0.25,0.25,0.25
70,1,28,0.25,7.880206903676523e-11,1.2493637235877486e-09,0.25,0.25,0.25
70,1,29,0.25,7.880206903676523e-11,1.2493637235877486e-09,0.25,0.25,0.25
70,1,30,0.25,7.880206903676523e-11,1.2493637235877486e-09,0.25,0.25,0.25
70,1,31,0.25,7.880206903676523e-11,1.2493637235877486e-09,0.25,0.25,0.25
70,1,32,0.25,7.880206903676523e-11,1.2493637235877486e-09,0.25,0.25,0.25
70,1,33,0.25,7.880206903676523e-11,1.2493637235877486e-09,0.25,0.25,0.25
70,1,34,0.25,7.880206903676523e-11,1.2493637235877486e-09,0.25,0.25,0.25
70,1,35,0.25,7.880206903676523e-11,1.2493637235877486e-09,0.25,0.25,0.25
70,1,36,0.25,7.880206903676523e-11,1.2493637235877486e-09,0.25,0.25,0.25
70,1,37,0.25,7.880206903676523e-11,1.2493637235877486e-09,0.25,0.25,0.25
70,1,38,0.25,7.880206903676523e-11,1.2493637235877486e-09,0.25,0.25,0.25
70,1,39,0.25,7.880206903676523e-11,1.2493637235877486e-09,0.25,0.25,0.25
70,1,40,0.25,7.880206903676523e-11,1.2493637235877486e-09,0.25,0.25,0.25
70,2,1,0.25,7.880206903676523e-11,1.2493637235877486e-09,0.25,0.25,0.25
70,2,2,0.25,7.880206903676523e-11,1.2493637235877486e-09,0.25,0.25,0.25
70,2,3,0.25,7.880206903676523e-11,1.2493637235877486e-09,0.25,0.25,0.25
70,2,4,0.25,7.880206903676523e-11,1.2493637235877486e-09,0.25,0.25,0.25
70,2,5,0.25,7.880206903676523e-11,1.2493637235877486e-09,0.25,0.25,0.25
70,2,6,0.25,7.880206903676523e-11,1.2493637235877486e-09,0.25,0.25,0.25
70,2,7,0.25,7.880206903676523e-11,1.2493637235877486e-09,0.25,0.25,0.25
70,2,8,0.25,7.880206903676523e-11,1.2493637235877486e-09,0.25,0.25,0.25
70,2,9,0.25,7.880206903676523e-11,1.2493637235877486e-09,0.25,0.25,0.25
70,2,10,0.25,7.880206903676523e-11,1.2493637235877486e-09,0.25,0.25,0.25
70,2,11,0.25,7.880206903676523e-11,1.2493637235877486e-09,0.25,0.25,0.25
70,2,12,0.25,7.880206903676523e-11,1.2493637235877486e-09,0.25,0.25,0.25
70,2,13,0.25,7.880206903676523e-11,1.2493637235877486e-09,0.25,0.25,0.25
70,2,14,0.25,7.880206903676523e-11,1.2493637235877486e-09,0.25,0.25,0.25
70,2,15,0.25,7.880206903676523e-11,1.2493637235877486e-09,0.25,0.25,0.25
70,2,16,0.25,7.880206903676523e-11,1.2493637235877486e-09,0.25,0.25,0.25
70,2,17,0.25,7.880206903676523e-11,1.2493637235877486e-09,0.25,0.25,0.25
70,2,18,0.25,7.880206903676523e-11,1.2493637235877486e-09,0.25,0.25,0.25
70,2,19,0.25,7.880206903676523e-11,1.2493637235877486e-09,0.25,0.25,0.25
70,2,20,0.25,7.880206903676523e-11,1.2493637235877486e-09,0.25,0.25,0.25
70,2,21,0.25,1.6907078514982743e-10,1.1200591565341256e-09,0.25,0.25,0.25
70,2,22,0.25,1.6907078514982743e-10,1.1200591565341256e-09,0.25,0.25,0.25
70,2,23,0.25,1.6907078514982743e-10,1.1200591565341256e-09,0.25,0.25,0.25
70,2,24,0.25,1.6907078514982743e-10,1.1200591565341256e-09,0.25,0.25,0.25
70,2,25,0.25,1.6907078514982743e-10,1.1200591565341256e-09,0.25,0.25,0.25
70,2,26,0.25,1.6907078514982743e-10,1.1200591565341256e-09,0.25,0.25,0.25
70,2,27,0.25,1.6907078514982743e-10,1.1200591565341256e-09,0.25,0.25,0.25
70,2,28,0.25,1.6907078514982743e-10,1.1200591565341256e-09,0.25,0.25,0.25
70,2,29,0.25,1.6907078514982743e-10,1.1200591565341256e-09,0.25,0.25,0.25
70,2,30,0.25,1.6907078514982743e-10,1.1200591565341256e-09,0.25,0.25,0.25
70,2,31,0.25,1.6907078514982743e-10,1.1200591565341256e-09,0.25,0.25,0.25
70,2,32,0.25,1.6907078514982743e-10,1.1200591565341256e-09,0.25,0.25,0.25
70,2,33,0.25,1.6907078514982743e-10,1.1200591565341256e-09,0.25,0.25,0.25
70,2,34,0.25,1.6907078514982743e-10,1.1200591565341256e-09,0.25,0.25,0.25
70,2,35,0.25,1.6907078514982743e-10,1.1200591565341256e-09,0.25,0.25,0.25
70,2,36,0.25,1.6907078514982743e-10,1.1200591565341256e-09,0.25,0.25,0.25
70,2,37,0.25,1.6907078514982743e-10,1.1200591565341256e-09,0.25,0.25,0.25
70,2,38,0.25,1.6907078514982743e-10,1.1200591565341256e-09,0.25,0.25,0.25
70,2,39,0.25,1.6907078514982743e-10,1.1200591565341256e-09,0.25,0.25,0.25
70,2,40,0.25,1.6907078514982743e-10,1.1200591565341256e-09,0.25,0.25,0.25
75,1,1,0.25,3.376298685076051e-10,2.139093567166128e-06,0.25,0.25,0.24999785423278809
75,1,2,0.25,3.376298685076051e-10,2.139093567166128e-06,0.25,0.25,0.24999785423278809
75,1,3,0.25,3.376298685076051e-10,2.139093567166128e-06,0.25,0.25,0.24999785423278809
75,1,4,0.25,3.376298685076051e-10,2.139093567166128e-06,0.25,0.25,0.24999785423278809
75,1,5,0.25,3.376298685076051e-10,2.139093567166128e-06,0.25,0.25,0.24999785423278809
75,1,6,0.25,3.376298685076051e-10,2.139093567166128e-06,0.25,0.25,0.24999785423278809
75,1,7,0.25,3.376298685076051e-10,2.139093567166128e-06,0.25,0.25,0.24999785423278809
75,1,8,0.25,3.376298685076051e-10,2.139093567166128e-06,0.25,0.25,0.24999785423278809
75,1,9,0.25,3.376298685076051e-10,2.139093567166128e-06,0.25,0.25,0.24999785423278809
75,1,10,0.25,3.376298685076051e-10,2.139093567166128e-06,0.25,0.25,0.24999785423278809
75,1,11,0.25,3.376298685076051e-10,2.139093567166128e-06,0.25,0.25,0.24999785423278809
75,1,12,0.25,3.376298685076051e-10,2.139093567166128e-06,0.25,0.25,0.24999785423278809
75,1,13,0.25,3.376298685076051e-10,2.139093567166128e-06,0.25,0.25,0.24999785423278809
75,1,14,0.25,3.376298685076051e-10,2.139093567166128e-06,0.25,0.25,0.24999785423278809
75,1,15,0.25,3.376298685076051e-10,2.139093567166128e-06,0.25,0.25,0.24999785423278809
75,1,16,0.25,3.376298685076051e-10,2.139093567166128e-06,0.25,0.25,0.24999785423278809
75,1,17,0.25,3.376298685076051e-10,2.139093567166128e-06,0.25,0.25,0.24999785423278809
75,1,18,0.25,3.376298685076051e-10,2.139093567166128e-06,0.25,0.25,0.24999785423278809
75,1,19,0.25,3.376298685076051e-10,2.139093567166128e-06,0.25,0.25,0.24999785423278809
75,1,20,0.25,3.376298685076051e-10,2.139093567166128e-06,0.25,0.25,0.24999785423278809
75,1,21,0.25,3.376298685076051e-10,2.139093567166128e-06,0.25,0.25,0.24999785423278809
75,1,22,0.25,3.376298685076051e-10,2.139093567166128e-06,0.25,0.25,0.24999785423278809
75,1,23,0.25,3.376298685076051e-10,2.139093567166128e-06,0.25,0.25,0.24999785423278809
75,1,24,0.25,3.376298685076051e-10,2.139093567166128e-06,0.25,0.25,0.24999785423278809
75,1,25,0.25,3.376298685076051e-10,2.139093567166128e-06,0.25,0.25,0.24999785423278809
75,1,26,0.25,3.376298685076051e-10,2.139093567166128e-06,0.25,0.25,0.24999785423278809
75,1,27,0.25,3.376298685076051e-10,2.139093567166128e-06,0.25,0.25,0.24999785423278809
75,1,28,0.25,3.376298685076051e-10,2.139093567166128e-06,0.25,0.25,0.24999785423278809
75,1,29,0.25,3.376298685076051e-10,2.139093567166128e-06,0.25,0.25,0.24999785423278809
75,1,30,0.25,3.376298685076051e-10,2.139093567166128e-06,0.25,0.25,0.24999785423278809
75,1,31,0.25,3.376298685076051e-10,2.139093567166128e-06,0.25,0.25,0.24999785423278809
75,1,32,0.25,3.376298685076051e-10,2.139093567166128e-06,0.25,0.25,0.24999785423278809
75,1,33,0.25,3.376298685076051e-10,2.139093567166128e-06,0.25,0.25,0.24999785423278809
75,1,34,0.25,3.376298685076051e-10,2.139093567166128e-06,0.25,0.25,0.24999785423278809
75,1,35,0.25,3.376298685076051e-10,2.139093567166128e-06,0.25,0.25,0.24999785423278809
75,1,36,0.25,3.376298685076051e-10,2.139093567166128e-06,0.25,0.25,0.24999785423278809
75,1,37,0.25,3.376298685076051e-10,2.139093567166128e-06,0.25,0.25,0.24999785423278809
75,1,38,0.25,3.376298685076051e-10,2.139093567166128e-06,0.25,0.25,0.24999785423278809
75,1,39,0.25,3.376298685076051e-10,2.139093567166128e-06,0.25,0.25,0.24999785423278809
75,1,40,0.25,3.376298685076051e-10,2.139093567166128e-06,0.25,0.25,0.24999785423278809
75,2,1,0.25,3.376298685076051e-10,2.139093567166128e-06,0.25,0.25,0.24999785423278809
75,2,2,0.25,3.376298685076051e-10,2.139093567166128e-06,0.25,0.25,0.24999785423278809
75,2,3,0.25,3.376298685076051e-10,2.139093567166128e-06,0.25,0.25,0.24999785423278809
75,2,4,0.25,3.376298685076051e-10,2.139093567166128e-06,0.25,0.25,0.24999785423278809
75,2,5,0.25,3.376298685076051e-10,2.139093567166128e-06,0.25,0.25,0.24999785423278809
75,2,6,0.25,3.376298685076051e-10,2.139093567166128e-06,0.25,0.25,0.24999785423278809
75,2,7,0.25,3.376298685076051e-10,2.139093567166128e-06,0.25,0.25,0.24999785423278809
75,2,8,0.25,3.376298685076051e-10,2.139093567166128e-06,0.25,0.25,0.24999785423278809
75,2,9,0.25,3.376298685076051e-10,2.139093567166128e-06,0.25,0.25,0.24999785423278809
75,2,10,0.25,3.376298685076051e-10,2.139093567166128e-06,0.25,0.25,0.24999785423278809
75,2,11,0.25,3.376298685076051e-10,2.139093567166128e-06,0.25,0.25,0.24999785423278809
75,2,12,0.25,3.376298685076051e-10,2.139093567166128e-06,0.25,0.25,0.24999785423278809
75,2,13,0.25,3.376298685076051e-10,2.139093567166128e-06,0.25,0.25,0.24999785423278809
75,2,14,0.25,3.376298685076051e-10,2.139093567166128e-06,0.25,0.25,0.24999785423278809
75,2,15,0.25,3.376298685076051e-10,2.139093567166128e-06,0.25,0.25,0.24999785423278809
75,2,16,0.25,3.376298685076051e-10,2.139093567166128e-06,0.25,0.25,0.24999785423278809
75,2,17,0.25,3.376298685076051e-10,2.139093567166128e-06,0.25,0.25,0.24999785423278809
75,2,18,0.25,3.376298685076051e-10,2.139093567166128e-06,0.25,0.25,0.24999785423278809
75,2,19,0.25,3.376298685076051e-10,2.139093567166128e-06,0.25,0.25,0.24999785423278809
75,2,20,0.25,3.376298685076051e-10,2.139093567166128e-06,0.25,0.25,0.24999785423278809
75,2,21,0.25,1.0185131904538736e-10,1.0998642968607086e-10,0.25,0.25,0.25
75,2,22,0.25,1.0185131904538736e-10,1.0998642968607086e-10,0.25,0.25,0.25
75,2,23,0.25,1.0185131904538736e-10,1.0998642968607086e-10,0.25,0.25,0.25
75,2,24,0.25,1.0185131904538736e-10,1.0998642968607086e-10,0.25,0.25,0.25
75,2,25,0.25,1.0185131904538736e-10,1.0998642968607086e-10,0.25,0.25,0.25
75,2,26,0.25,1.0185131904538736e-10,1.0998642968607086e-10,0.25,0.25,0.25
75,2,27,0.25,1.0185131904538736e-10,1.0998642968607086e-10,0.25,0.25,0.25
75,2,28,0.25,1.0185131904538736e-10,1.0998642968607086e-10,0.25,0.25,0.25
75,2,29,0.25,1.0185131904538736e-10,1.0998642968607086e-10,0.25,0.25,0.25
75,2,30,0.25,1.0185131904538736e-10,1.0998642968607086e-10,0.25,0.25,0.25
75,2,31,0.25,1.0185131904538736e-10,1.0998642968607086e-10,0.25,0.25,0.25
75,2,32,0.25,1.0185131904538736e-10,1.0998642968607086e-10,0.25,0.25,0.25
75,2,33,0.25,1.0185131904538736e-10,1.0998642968607086e-10,0.25,0.25,0.25
75,2,34,0.25,1.0185131904538736e-10,1.0998642968607086e-10,0.25,0.25,0.25
75,2,35,0.25,1.0185131904538736e-10,1.0998642968607086e-10,0.25,0.25,0.25
75,2,36,0.25,1.0185131904538736e-10,1.0998642968607086e-10,0.25,0.25,0.25
75,2,37,0.25,1.0185131904538736e-10,1.0998642968607086e-10,0.25,0.25,0.25
75,2,38,0.25,1.0185131904538736e-10,1.0998642968607086e-10,0.25,0.25,0.25
75,2,39,0.25,1.0185131904538736e-10,1.0998642968607086e-10,0.25,0.25,0.25
75,2,40,0.25,1.0185131904538736e-10,1.0998642968607086e-10,0.25,0.25,0.25
80,1,1,0.25,1.3252695815757498e-11,0.25,1.9813086934994395e-11,0.25,0.25
80,1,2,0.25,1.3252695815757498e-11,0.25,1.9813086934994395e-11,0.25,0.25
80,1,3,0.25,1.3252695815757498e-11,0.25,1.9813086934994395e-11,0.25,0.25
80,1,4,0.25,1.3252695815757498e-11,0.25,1.9813086934994395e-11,0.25,0.25
80,1,5,0.25,1.3252695815757498e-11,0.25,1.9813086934994395e-11,0.25,0.25
80,1,6,0.25,1.3252695815757498e-11,0.25,1.9813086934994395e-11,0.25,0.25
80,1,7,0.25,1.3252695815757498e-11,0.25,1.9813086934994395e-11,0.25,0.25
80,1,8,0.25,1.3252695815757498e-11,0.25,1.9813086934994395e-11,0.25,0.25
80,1,9,0.25,1.3252695815757498e-11,0.25,1.9813086934994395e-11,0.25,0.25
80,1,10,0.25,1.3252695815757498e-11,0.25,1.9813086934994395e-11,0.25,0.25
80,1,11,0.25,1.3252695815757498e-11,0.25,1.9813086934994395e-11,0.25,0.25
80,1,12,0.25,1.3252695815757498e-11,0.25,1.9813086934994395e-11,0.25,0.25
80,1,13,0.25,1.3252695815757498e-11,0.25,1.9813086934994395e-11,0.25,0.25
80,1,14,0.25,1.3252695815757498e-11,0.25,1.9813086934994395e-11,0.25,0.25
80,1,15,0.25,1.3252695815757498e-11,0.25,1.9813086934994395e-11,0.25,0.25
80,1,16,0.25,1.3252695815757498e-11,0.25,1.9813086934994395e-11,0.25,0.25
80,1,17,0.25,1.3252695815757498e-11,0.25,1.9813086934994395e-11,0.25,0.25
80,1,18,0.25,1.3252695815757498e-11,0.25,1.9813086934994395e-11,0.25,0.25
80,1,19,0.25,1.3252695815757498e-11,0.25,1.9813086934994395e-11,0.25,0.25
80,1,20,0.25,1.3252695815757498e-11,0.25,1.9813086934994395e-11,0.25,0.25
80,1,21,0.25,1.3252695815757498e-11,0.25,1.9813086934994395e-11,0.25,0.25
80,1,22,0.25,1.3252695815757498e-11,0.25,1.9813086934994395e-11,0.25,0.25
80,1,23,0.25,1.3252695815757498e-11,0.25,1.9813086934994395e-11,0.25,0.25
80,1,24,0.25,1.3252695815757498e-11,0.25,1.9813086934994395e-11,0.25,0.25
80,1,25,0.25,1.3252695815757498e-11,0.25,1.9813086934994395e-11,0.25,0.25
80,1,26,0.25,1.3252695815757498e-11,0.25,1.9813086934994395e-11,0.25,0.25
80,1,27,0.25,1.3252695815757498e-11,0.25,1.9813086934994395e-11,0.25,0.25
80,1,28,0.25,1.3252695815757498e-11,0.25,1.9813086934994395e-11,0.25,0.25
80,1,29,0.25,1.3252695815757498e-11,0.25,1.9813086934994395e-11,0.25,0.25
80,1,30,0.25,1.3252695815757498e-11,0.25,1.9813086934994395e-11,0.25,0.25
80,1,31,0.25,1.3252695815757498e-11,0.25,1.9813086934994395e-11,0.25,0.25
80,1,32,0.25,1.3252695815757498e-11,0.25,1.9813086934994395e-11,0.25,0.25
80,1,33,0.25,1.3252695815757498e-11,0.25,1.9813086934994395e-11,0.25,0.25
80,1,34,0.25,1.3252695815757498e-11,0.25,1.9813086934994395e-11,0.25,0.25
80,1,35,0.25,1.3252695815757498e-11,0.25,1.9813086934994395e-11,0.25,0.25
80,1,36,0.25,1.3252695815757498e-11,0.25,1.9813086934994395e-11,0.25,0.25
80,1,37,0.25,1.3252695815757498e-11,0.25,1.9813086934994395e-11,0.25,0.25
80,1,38,0.25,1.3252695815757498e-11,0.25,1.9813086934994395e-11,0.25,0.25
80,1,39,0.25,1.3252695815757498e-11,0.25,1.9813086934994395e-11,0.25,0.25
80,1,40,0.25,1.3252695815757498e-11,0.25,1.9813086934994395e-11,0.25,0.25
80,2,1,0.25,1.3252695815757498e-11,0.25,1.9813086934994395e-11,0.25,0.25
80,2,2,0.25,1.3252695815757498e-11,0.25,1.9813086934994395e-11,0.25,0.25
80,2,3,0.25,1.3252695815757498e-11,0.25,1.9813086934994395e-11,0.25,0.25
80,2,4,0.25,1.3252695815757498e-11,0.25,1.9813086934994395e-11,0.25,0.25
80,2,5,0.25,1.3252695815757498e-11,0.25,1.9813086934994395e-11,0.25,0.25
80,2,6,0.25,1.3252695815757498e-11,0.25,1.9813086934994395e-11,0.25,0.25
80,2,7,0.25,1.3252695815757498e-11,0.25,1.9813086934994395e-11,0.25,0.25
80,2,8,0.25,1.3252695815757498e-11,0.25,1.9813086934994395e-11,0.25,0.25
80,2,9,0.25,1.3252695815757498e-11,0.25,1.9813086934994395e-11,0.25,0.25
80,2,10,0.25,1.3252695815757498e-11,0.25,1.9813086934994395e-11,0.25,0.25
80,2,11,0.25,1.3252695815757498e-11,0.25,1.9813086934994395e-11,0.25,0.25
80,2,12,0.25,1.3252695815757498e-11,0.25,1.9813086934994395e-11,0.25,0.25
80,2,13,0.25,1.3252695815757498e-11,0.25,1.9813086934994395e-11,0.25,0.25
80,2,14,0.25,1.3252695815757498e-11,0.25,1.9813086934994395e-11,0.25,0.25
80,2,15,0.25,1.3252695815757498e-11,0.25,1.9813086934994395e-11,0.25,0.25
80,2,16,0.25,1.3252695815757498e-11,0.25,1.9813086934994395e-11,0.25,0.25
80,2,17,0.25,1.3252695815757498e-11,0.25,1.9813086934994395e-11,0.25,0.25
80,2,18,0.25,1.3252695815757498e-11,0.25,1.9813086934994395e-11,0.25,0.25
80,2,19,0.25,1.3252695815757498e-11,0.25,1.9813086934994395e-11,0.25,0.25
80,2,20,0.25,1.3252695815757498e-11,0.25,1.9813086934994395e-11,0.25,0.25
80,2,21,0.25,2.1899006219516792e-10,0.25,8.434519055411371e-11,0.25,0.25
80,2,22,0.25,2.1899006219516792e-10,0.25,8.434519055411371e-11,0.25,0.25
80,2,23,0.25,2.1899006219516792e-10,0.25,8.434519055411371e-11,0.25,0.25
80,2,24,0.25,2.1899006219516792e-10,0.25,8.434519055411371e-11,0.25,0.25
80,2,25,0.25,2.1899006219516792e-10,0.25,8.434519055411371e-11,0.25,0.25
80,2,26,0.25,2.1899006219516792e-10,0.25,8.434519055411371e-11,0.25,0.25
80,2,27,0.25,2.1899006219516792e-10,0.25,8.434519055411371e-11,0.25,0.25
80,2,28,0.25,2.1899006219516792e-10,0.25,8.434519055411371e-11,0.25,0.25
80,2,29,0.25,2.1899006219516792e-10,0.25,8.434519055411371e-11,0.25,0.25
80,2,30,0.25,2.1899006219516792e-10,0.25,8.434519055411371e-11,0.25,0.25
80,2,31,0.25,2.1899006219516792e-10,0.25,8.434519055411371e-11,0.25,0.25
80,2,32,0.25,2.1899006219516792e-10,0.25,8.434519055411371e-11,0.25,0.25
80,2,33,0.25,2.1899006219516792e-10,0.25,8.434519055411371e-11,0.25,0.25
80,2,34,0.25,2.1899006219516792e-10,0.25,8.434519055411371e-11,0.25,0.25
80,2,35,0.25,2.1899006219516792e-10,0.25,8.434519055411371e-11,0.25,0.25
80,2,36,0.25,2.1899006219516792e-10,0.25,8.434519055411371e-11,0.25,0.25
80,2,37,0.25,2.1899006219516792e-10,0.25,8.434519055411371e-11,0.25,0.25
80,2,38,0.25,2.1899006219516792e-10,0.25,8.434519055411371e-11,0.25,0.25
80,2,39,0.25,2.1899006219516792e-10,0.25,8.434519055411371e-11,0.25,0.25
80,2,40,0.25,2.1899006219516792e-10,0.25,8.434519055411371e-11,0.25,0.25
